account_id,customer_id,account_token,currency,account_status,opened_at
ACC-000001,CUS-000132,SYN-ACCOUNT-000001,THB,ACTIVE,2025-07-18 00:00:00
ACC-000002,CUS-000121,SYN-ACCOUNT-000002,USD,ACTIVE,2025-09-28 00:00:00
ACC-000003,CUS-000250,SYN-ACCOUNT-000003,THB,ACTIVE,2025-11-28 00:00:00
ACC-000004,CUS-000041,SYN-ACCOUNT-000004,THB,ACTIVE,2025-12-06 00:00:00
ACC-000005,CUS-000074,SYN-ACCOUNT-000005,THB,ACTIVE,2025-12-06 00:00:00
ACC-000006,CUS-000091,SYN-ACCOUNT-000006,USD,ACTIVE,2025-10-16 00:00:00
ACC-000007,CUS-000283,SYN-ACCOUNT-000007,THB,ACTIVE,2025-07-09 00:00:00
ACC-000008,CUS-000090,SYN-ACCOUNT-000008,THB,ACTIVE,2025-08-05 00:00:00
ACC-000009,CUS-000002,SYN-ACCOUNT-000009,SGD,ACTIVE,2025-05-04 00:00:00
ACC-000010,CUS-000215,SYN-ACCOUNT-000010,USD,ACTIVE,2025-07-04 00:00:00
ACC-000011,CUS-000241,SYN-ACCOUNT-000011,SGD,ACTIVE,2025-09-10 00:00:00
ACC-000012,CUS-000279,SYN-ACCOUNT-000012,SGD,ACTIVE,2025-07-09 00:00:00
ACC-000013,CUS-000186,SYN-ACCOUNT-000013,THB,ACTIVE,2025-09-10 00:00:00
ACC-000014,CUS-000053,SYN-ACCOUNT-000014,THB,ACTIVE,2025-08-16 00:00:00
ACC-000015,CUS-000208,SYN-ACCOUNT-000015,USD,ACTIVE,2025-05-18 00:00:00
ACC-000016,CUS-000177,SYN-ACCOUNT-000016,SGD,ACTIVE,2025-07-08 00:00:00
ACC-000017,CUS-000092,SYN-ACCOUNT-000017,USD,ACTIVE,2025-11-04 00:00:00
ACC-000018,CUS-000251,SYN-ACCOUNT-000018,THB,REVIEW,2025-10-02 00:00:00
ACC-000019,CUS-000036,SYN-ACCOUNT-000019,SGD,ACTIVE,2025-03-21 00:00:00
ACC-000020,CUS-000276,SYN-ACCOUNT-000020,THB,ACTIVE,2025-12-21 00:00:00
ACC-000021,CUS-000078,SYN-ACCOUNT-000021,USD,ACTIVE,2025-09-13 00:00:00
ACC-000022,CUS-000180,SYN-ACCOUNT-000022,SGD,ACTIVE,2025-04-08 00:00:00
ACC-000023,CUS-000140,SYN-ACCOUNT-000023,SGD,ACTIVE,2025-04-23 00:00:00
ACC-000024,CUS-000245,SYN-ACCOUNT-000024,SGD,ACTIVE,2025-07-23 00:00:00
ACC-000025,CUS-000180,SYN-ACCOUNT-000025,USD,ACTIVE,2025-06-20 00:00:00
ACC-000026,CUS-000131,SYN-ACCOUNT-000026,USD,ACTIVE,2025-05-09 00:00:00
ACC-000027,CUS-000048,SYN-ACCOUNT-000027,SGD,REVIEW,2025-06-16 00:00:00
ACC-000028,CUS-000205,SYN-ACCOUNT-000028,SGD,ACTIVE,2025-03-27 00:00:00
ACC-000029,CUS-000281,SYN-ACCOUNT-000029,THB,ACTIVE,2025-06-13 00:00:00
ACC-000030,CUS-000093,SYN-ACCOUNT-000030,SGD,ACTIVE,2025-12-11 00:00:00
ACC-000031,CUS-000037,SYN-ACCOUNT-000031,THB,ACTIVE,2025-09-27 00:00:00
ACC-000032,CUS-000236,SYN-ACCOUNT-000032,SGD,ACTIVE,2025-10-08 00:00:00
ACC-000033,CUS-000255,SYN-ACCOUNT-000033,USD,ACTIVE,2025-10-23 00:00:00
ACC-000034,CUS-000177,SYN-ACCOUNT-000034,SGD,ACTIVE,2025-03-28 00:00:00
ACC-000035,CUS-000197,SYN-ACCOUNT-000035,THB,ACTIVE,2025-07-01 00:00:00
ACC-000036,CUS-000025,SYN-ACCOUNT-000036,SGD,ACTIVE,2025-03-24 00:00:00
ACC-000037,CUS-000086,SYN-ACCOUNT-000037,USD,ACTIVE,2025-07-14 00:00:00
ACC-000038,CUS-000222,SYN-ACCOUNT-000038,THB,ACTIVE,2025-07-08 00:00:00
ACC-000039,CUS-000010,SYN-ACCOUNT-000039,USD,ACTIVE,2025-08-22 00:00:00
ACC-000040,CUS-000171,SYN-ACCOUNT-000040,USD,ACTIVE,2025-05-20 00:00:00
ACC-000041,CUS-000278,SYN-ACCOUNT-000041,THB,ACTIVE,2025-08-24 00:00:00
ACC-000042,CUS-000035,SYN-ACCOUNT-000042,THB,ACTIVE,2025-06-09 00:00:00
ACC-000043,CUS-000068,SYN-ACCOUNT-000043,SGD,ACTIVE,2025-08-16 00:00:00
ACC-000044,CUS-000160,SYN-ACCOUNT-000044,USD,ACTIVE,2025-10-01 00:00:00
ACC-000045,CUS-000013,SYN-ACCOUNT-000045,THB,ACTIVE,2025-10-05 00:00:00
ACC-000046,CUS-000009,SYN-ACCOUNT-000046,SGD,ACTIVE,2025-05-07 00:00:00
ACC-000047,CUS-000106,SYN-ACCOUNT-000047,THB,ACTIVE,2025-03-16 00:00:00
ACC-000048,CUS-000042,SYN-ACCOUNT-000048,THB,ACTIVE,2025-08-22 00:00:00
ACC-000049,CUS-000119,SYN-ACCOUNT-000049,USD,ACTIVE,2025-11-26 00:00:00
ACC-000050,CUS-000154,SYN-ACCOUNT-000050,SGD,ACTIVE,2025-09-02 00:00:00
ACC-000051,CUS-000053,SYN-ACCOUNT-000051,USD,ACTIVE,2025-09-03 00:00:00
ACC-000052,CUS-000214,SYN-ACCOUNT-000052,SGD,ACTIVE,2025-04-12 00:00:00
ACC-000053,CUS-000207,SYN-ACCOUNT-000053,THB,ACTIVE,2025-07-08 00:00:00
ACC-000054,CUS-000009,SYN-ACCOUNT-000054,USD,ACTIVE,2025-05-27 00:00:00
ACC-000055,CUS-000133,SYN-ACCOUNT-000055,THB,ACTIVE,2025-08-20 00:00:00
ACC-000056,CUS-000233,SYN-ACCOUNT-000056,USD,ACTIVE,2025-03-20 00:00:00
ACC-000057,CUS-000026,SYN-ACCOUNT-000057,THB,ACTIVE,2025-05-18 00:00:00
ACC-000058,CUS-000205,SYN-ACCOUNT-000058,SGD,ACTIVE,2025-04-22 00:00:00
ACC-000059,CUS-000181,SYN-ACCOUNT-000059,SGD,ACTIVE,2025-05-30 00:00:00
ACC-000060,CUS-000278,SYN-ACCOUNT-000060,SGD,ACTIVE,2025-09-04 00:00:00
ACC-000061,CUS-000027,SYN-ACCOUNT-000061,SGD,ACTIVE,2025-07-19 00:00:00
ACC-000062,CUS-000011,SYN-ACCOUNT-000062,USD,ACTIVE,2025-12-09 00:00:00
ACC-000063,CUS-000180,SYN-ACCOUNT-000063,THB,ACTIVE,2025-09-15 00:00:00
ACC-000064,CUS-000050,SYN-ACCOUNT-000064,SGD,ACTIVE,2025-04-18 00:00:00
ACC-000065,CUS-000223,SYN-ACCOUNT-000065,THB,ACTIVE,2025-08-03 00:00:00
ACC-000066,CUS-000033,SYN-ACCOUNT-000066,SGD,ACTIVE,2025-08-01 00:00:00
ACC-000067,CUS-000193,SYN-ACCOUNT-000067,THB,SUSPENDED,2025-09-14 00:00:00
ACC-000068,CUS-000010,SYN-ACCOUNT-000068,USD,ACTIVE,2025-07-16 00:00:00
ACC-000069,CUS-000288,SYN-ACCOUNT-000069,SGD,ACTIVE,2025-10-12 00:00:00
ACC-000070,CUS-000192,SYN-ACCOUNT-000070,THB,ACTIVE,2025-07-08 00:00:00
ACC-000071,CUS-000153,SYN-ACCOUNT-000071,USD,ACTIVE,2025-10-17 00:00:00
ACC-000072,CUS-000001,SYN-ACCOUNT-000072,THB,ACTIVE,2025-10-05 00:00:00
ACC-000073,CUS-000192,SYN-ACCOUNT-000073,THB,ACTIVE,2025-04-19 00:00:00
ACC-000074,CUS-000082,SYN-ACCOUNT-000074,THB,ACTIVE,2025-11-30 00:00:00
ACC-000075,CUS-000192,SYN-ACCOUNT-000075,SGD,ACTIVE,2025-08-08 00:00:00
ACC-000076,CUS-000292,SYN-ACCOUNT-000076,USD,ACTIVE,2025-12-07 00:00:00
ACC-000077,CUS-000296,SYN-ACCOUNT-000077,SGD,ACTIVE,2025-06-20 00:00:00
ACC-000078,CUS-000254,SYN-ACCOUNT-000078,SGD,ACTIVE,2025-09-25 00:00:00
ACC-000079,CUS-000058,SYN-ACCOUNT-000079,SGD,ACTIVE,2025-12-11 00:00:00
ACC-000080,CUS-000276,SYN-ACCOUNT-000080,USD,ACTIVE,2025-08-22 00:00:00
ACC-000081,CUS-000156,SYN-ACCOUNT-000081,USD,REVIEW,2025-05-08 00:00:00
ACC-000082,CUS-000008,SYN-ACCOUNT-000082,USD,ACTIVE,2025-05-19 00:00:00
ACC-000083,CUS-000111,SYN-ACCOUNT-000083,USD,ACTIVE,2025-12-13 00:00:00
ACC-000084,CUS-000190,SYN-ACCOUNT-000084,USD,ACTIVE,2025-04-05 00:00:00
ACC-000085,CUS-000241,SYN-ACCOUNT-000085,USD,REVIEW,2025-03-19 00:00:00
ACC-000086,CUS-000040,SYN-ACCOUNT-000086,SGD,SUSPENDED,2025-12-18 00:00:00
ACC-000087,CUS-000181,SYN-ACCOUNT-000087,THB,ACTIVE,2025-10-11 00:00:00
ACC-000088,CUS-000020,SYN-ACCOUNT-000088,SGD,ACTIVE,2025-07-30 00:00:00
ACC-000089,CUS-000035,SYN-ACCOUNT-000089,USD,ACTIVE,2025-07-10 00:00:00
ACC-000090,CUS-000136,SYN-ACCOUNT-000090,THB,ACTIVE,2025-04-23 00:00:00
ACC-000091,CUS-000078,SYN-ACCOUNT-000091,THB,REVIEW,2025-04-04 00:00:00
ACC-000092,CUS-000126,SYN-ACCOUNT-000092,SGD,ACTIVE,2025-07-13 00:00:00
ACC-000093,CUS-000035,SYN-ACCOUNT-000093,SGD,REVIEW,2025-03-13 00:00:00
ACC-000094,CUS-000284,SYN-ACCOUNT-000094,SGD,ACTIVE,2025-08-20 00:00:00
ACC-000095,CUS-000252,SYN-ACCOUNT-000095,USD,ACTIVE,2025-06-05 00:00:00
ACC-000096,CUS-000190,SYN-ACCOUNT-000096,SGD,ACTIVE,2025-12-08 00:00:00
ACC-000097,CUS-000188,SYN-ACCOUNT-000097,SGD,ACTIVE,2025-08-25 00:00:00
ACC-000098,CUS-000086,SYN-ACCOUNT-000098,THB,ACTIVE,2025-06-09 00:00:00
ACC-000099,CUS-000043,SYN-ACCOUNT-000099,SGD,ACTIVE,2025-06-22 00:00:00
ACC-000100,CUS-000189,SYN-ACCOUNT-000100,THB,ACTIVE,2025-10-27 00:00:00
ACC-000101,CUS-000197,SYN-ACCOUNT-000101,THB,ACTIVE,2025-07-13 00:00:00
ACC-000102,CUS-000201,SYN-ACCOUNT-000102,THB,ACTIVE,2025-06-20 00:00:00
ACC-000103,CUS-000176,SYN-ACCOUNT-000103,USD,ACTIVE,2025-10-01 00:00:00
ACC-000104,CUS-000100,SYN-ACCOUNT-000104,THB,ACTIVE,2025-06-05 00:00:00
ACC-000105,CUS-000028,SYN-ACCOUNT-000105,SGD,ACTIVE,2025-12-21 00:00:00
ACC-000106,CUS-000123,SYN-ACCOUNT-000106,SGD,ACTIVE,2025-11-15 00:00:00
ACC-000107,CUS-000273,SYN-ACCOUNT-000107,SGD,ACTIVE,2025-03-29 00:00:00
ACC-000108,CUS-000251,SYN-ACCOUNT-000108,USD,ACTIVE,2025-07-09 00:00:00
ACC-000109,CUS-000028,SYN-ACCOUNT-000109,THB,REVIEW,2025-06-28 00:00:00
ACC-000110,CUS-000002,SYN-ACCOUNT-000110,USD,ACTIVE,2025-07-24 00:00:00
ACC-000111,CUS-000187,SYN-ACCOUNT-000111,SGD,ACTIVE,2025-09-04 00:00:00
ACC-000112,CUS-000230,SYN-ACCOUNT-000112,SGD,ACTIVE,2025-07-17 00:00:00
ACC-000113,CUS-000142,SYN-ACCOUNT-000113,THB,ACTIVE,2025-09-26 00:00:00
ACC-000114,CUS-000154,SYN-ACCOUNT-000114,THB,ACTIVE,2025-11-23 00:00:00
ACC-000115,CUS-000004,SYN-ACCOUNT-000115,USD,ACTIVE,2025-05-26 00:00:00
ACC-000116,CUS-000073,SYN-ACCOUNT-000116,USD,ACTIVE,2025-12-07 00:00:00
ACC-000117,CUS-000186,SYN-ACCOUNT-000117,SGD,REVIEW,2025-10-14 00:00:00
ACC-000118,CUS-000060,SYN-ACCOUNT-000118,THB,ACTIVE,2025-07-16 00:00:00
ACC-000119,CUS-000284,SYN-ACCOUNT-000119,USD,ACTIVE,2025-08-25 00:00:00
ACC-000120,CUS-000161,SYN-ACCOUNT-000120,THB,ACTIVE,2025-07-18 00:00:00
ACC-000121,CUS-000167,SYN-ACCOUNT-000121,THB,REVIEW,2025-06-15 00:00:00
ACC-000122,CUS-000275,SYN-ACCOUNT-000122,THB,ACTIVE,2025-09-28 00:00:00
ACC-000123,CUS-000116,SYN-ACCOUNT-000123,USD,ACTIVE,2025-07-09 00:00:00
ACC-000124,CUS-000191,SYN-ACCOUNT-000124,USD,ACTIVE,2025-07-12 00:00:00
ACC-000125,CUS-000004,SYN-ACCOUNT-000125,USD,ACTIVE,2025-08-03 00:00:00
ACC-000126,CUS-000051,SYN-ACCOUNT-000126,SGD,ACTIVE,2025-04-24 00:00:00
ACC-000127,CUS-000178,SYN-ACCOUNT-000127,SGD,REVIEW,2025-06-23 00:00:00
ACC-000128,CUS-000026,SYN-ACCOUNT-000128,USD,ACTIVE,2025-11-18 00:00:00
ACC-000129,CUS-000104,SYN-ACCOUNT-000129,SGD,ACTIVE,2025-09-04 00:00:00
ACC-000130,CUS-000274,SYN-ACCOUNT-000130,SGD,ACTIVE,2025-03-30 00:00:00
ACC-000131,CUS-000035,SYN-ACCOUNT-000131,SGD,ACTIVE,2025-03-12 00:00:00
ACC-000132,CUS-000204,SYN-ACCOUNT-000132,SGD,ACTIVE,2025-07-14 00:00:00
ACC-000133,CUS-000124,SYN-ACCOUNT-000133,USD,REVIEW,2025-07-19 00:00:00
ACC-000134,CUS-000178,SYN-ACCOUNT-000134,THB,ACTIVE,2025-10-20 00:00:00
ACC-000135,CUS-000158,SYN-ACCOUNT-000135,THB,ACTIVE,2025-05-26 00:00:00
ACC-000136,CUS-000090,SYN-ACCOUNT-000136,SGD,ACTIVE,2025-05-03 00:00:00
ACC-000137,CUS-000034,SYN-ACCOUNT-000137,SGD,REVIEW,2025-10-15 00:00:00
ACC-000138,CUS-000296,SYN-ACCOUNT-000138,SGD,ACTIVE,2025-07-12 00:00:00
ACC-000139,CUS-000161,SYN-ACCOUNT-000139,SGD,ACTIVE,2025-05-02 00:00:00
ACC-000140,CUS-000145,SYN-ACCOUNT-000140,SGD,ACTIVE,2025-11-10 00:00:00
ACC-000141,CUS-000155,SYN-ACCOUNT-000141,USD,ACTIVE,2025-09-12 00:00:00
ACC-000142,CUS-000163,SYN-ACCOUNT-000142,THB,ACTIVE,2025-04-22 00:00:00
ACC-000143,CUS-000250,SYN-ACCOUNT-000143,SGD,ACTIVE,2025-07-15 00:00:00
ACC-000144,CUS-000260,SYN-ACCOUNT-000144,SGD,ACTIVE,2025-05-07 00:00:00
ACC-000145,CUS-000185,SYN-ACCOUNT-000145,SGD,REVIEW,2025-10-30 00:00:00
ACC-000146,CUS-000277,SYN-ACCOUNT-000146,USD,ACTIVE,2025-11-18 00:00:00
ACC-000147,CUS-000042,SYN-ACCOUNT-000147,USD,ACTIVE,2025-09-09 00:00:00
ACC-000148,CUS-000144,SYN-ACCOUNT-000148,USD,ACTIVE,2025-04-24 00:00:00
ACC-000149,CUS-000232,SYN-ACCOUNT-000149,THB,ACTIVE,2025-05-15 00:00:00
ACC-000150,CUS-000250,SYN-ACCOUNT-000150,SGD,ACTIVE,2025-05-28 00:00:00
ACC-000151,CUS-000283,SYN-ACCOUNT-000151,USD,ACTIVE,2025-09-18 00:00:00
ACC-000152,CUS-000077,SYN-ACCOUNT-000152,THB,ACTIVE,2025-10-08 00:00:00
ACC-000153,CUS-000280,SYN-ACCOUNT-000153,SGD,ACTIVE,2025-10-31 00:00:00
ACC-000154,CUS-000185,SYN-ACCOUNT-000154,THB,ACTIVE,2025-06-25 00:00:00
ACC-000155,CUS-000069,SYN-ACCOUNT-000155,USD,REVIEW,2025-03-27 00:00:00
ACC-000156,CUS-000097,SYN-ACCOUNT-000156,USD,ACTIVE,2025-05-24 00:00:00
ACC-000157,CUS-000152,SYN-ACCOUNT-000157,THB,ACTIVE,2025-04-24 00:00:00
ACC-000158,CUS-000188,SYN-ACCOUNT-000158,USD,ACTIVE,2025-05-03 00:00:00
ACC-000159,CUS-000104,SYN-ACCOUNT-000159,USD,ACTIVE,2025-10-04 00:00:00
ACC-000160,CUS-000171,SYN-ACCOUNT-000160,USD,ACTIVE,2025-04-01 00:00:00
ACC-000161,CUS-000056,SYN-ACCOUNT-000161,USD,ACTIVE,2025-03-22 00:00:00
ACC-000162,CUS-000260,SYN-ACCOUNT-000162,THB,ACTIVE,2025-05-20 00:00:00
ACC-000163,CUS-000208,SYN-ACCOUNT-000163,SGD,ACTIVE,2025-12-15 00:00:00
ACC-000164,CUS-000220,SYN-ACCOUNT-000164,USD,ACTIVE,2025-08-23 00:00:00
ACC-000165,CUS-000152,SYN-ACCOUNT-000165,THB,ACTIVE,2025-05-14 00:00:00
ACC-000166,CUS-000144,SYN-ACCOUNT-000166,SGD,ACTIVE,2025-11-09 00:00:00
ACC-000167,CUS-000272,SYN-ACCOUNT-000167,THB,ACTIVE,2025-12-08 00:00:00
ACC-000168,CUS-000269,SYN-ACCOUNT-000168,THB,ACTIVE,2025-04-29 00:00:00
ACC-000169,CUS-000065,SYN-ACCOUNT-000169,USD,ACTIVE,2025-07-16 00:00:00
ACC-000170,CUS-000095,SYN-ACCOUNT-000170,USD,ACTIVE,2025-05-12 00:00:00
ACC-000171,CUS-000079,SYN-ACCOUNT-000171,SGD,ACTIVE,2025-10-17 00:00:00
ACC-000172,CUS-000207,SYN-ACCOUNT-000172,THB,ACTIVE,2025-06-07 00:00:00
ACC-000173,CUS-000185,SYN-ACCOUNT-000173,SGD,ACTIVE,2025-04-27 00:00:00
ACC-000174,CUS-000019,SYN-ACCOUNT-000174,SGD,ACTIVE,2025-05-26 00:00:00
ACC-000175,CUS-000228,SYN-ACCOUNT-000175,USD,ACTIVE,2025-06-06 00:00:00
ACC-000176,CUS-000283,SYN-ACCOUNT-000176,SGD,ACTIVE,2025-07-11 00:00:00
ACC-000177,CUS-000221,SYN-ACCOUNT-000177,USD,ACTIVE,2025-09-25 00:00:00
ACC-000178,CUS-000060,SYN-ACCOUNT-000178,SGD,ACTIVE,2025-04-13 00:00:00
ACC-000179,CUS-000069,SYN-ACCOUNT-000179,THB,ACTIVE,2025-10-11 00:00:00
ACC-000180,CUS-000043,SYN-ACCOUNT-000180,SGD,ACTIVE,2025-04-29 00:00:00
ACC-000181,CUS-000142,SYN-ACCOUNT-000181,USD,ACTIVE,2025-12-04 00:00:00
ACC-000182,CUS-000049,SYN-ACCOUNT-000182,THB,ACTIVE,2025-12-19 00:00:00
ACC-000183,CUS-000009,SYN-ACCOUNT-000183,SGD,ACTIVE,2025-09-10 00:00:00
ACC-000184,CUS-000280,SYN-ACCOUNT-000184,SGD,ACTIVE,2025-06-30 00:00:00
ACC-000185,CUS-000093,SYN-ACCOUNT-000185,USD,ACTIVE,2025-10-15 00:00:00
ACC-000186,CUS-000042,SYN-ACCOUNT-000186,THB,ACTIVE,2025-06-02 00:00:00
ACC-000187,CUS-000048,SYN-ACCOUNT-000187,SGD,ACTIVE,2025-03-19 00:00:00
ACC-000188,CUS-000220,SYN-ACCOUNT-000188,SGD,ACTIVE,2025-06-08 00:00:00
ACC-000189,CUS-000160,SYN-ACCOUNT-000189,SGD,ACTIVE,2025-11-13 00:00:00
ACC-000190,CUS-000255,SYN-ACCOUNT-000190,USD,ACTIVE,2025-08-05 00:00:00
ACC-000191,CUS-000012,SYN-ACCOUNT-000191,THB,ACTIVE,2025-08-20 00:00:00
ACC-000192,CUS-000002,SYN-ACCOUNT-000192,SGD,ACTIVE,2025-09-19 00:00:00
ACC-000193,CUS-000048,SYN-ACCOUNT-000193,USD,ACTIVE,2025-05-26 00:00:00
ACC-000194,CUS-000094,SYN-ACCOUNT-000194,SGD,ACTIVE,2025-12-04 00:00:00
ACC-000195,CUS-000144,SYN-ACCOUNT-000195,THB,ACTIVE,2025-08-04 00:00:00
ACC-000196,CUS-000172,SYN-ACCOUNT-000196,THB,ACTIVE,2025-04-09 00:00:00
ACC-000197,CUS-000207,SYN-ACCOUNT-000197,USD,ACTIVE,2025-08-14 00:00:00
ACC-000198,CUS-000096,SYN-ACCOUNT-000198,THB,ACTIVE,2025-07-08 00:00:00
ACC-000199,CUS-000175,SYN-ACCOUNT-000199,USD,ACTIVE,2025-10-01 00:00:00
ACC-000200,CUS-000003,SYN-ACCOUNT-000200,USD,REVIEW,2025-11-26 00:00:00
ACC-000201,CUS-000074,SYN-ACCOUNT-000201,SGD,ACTIVE,2025-11-24 00:00:00
ACC-000202,CUS-000042,SYN-ACCOUNT-000202,USD,ACTIVE,2025-06-14 00:00:00
ACC-000203,CUS-000102,SYN-ACCOUNT-000203,THB,ACTIVE,2025-10-14 00:00:00
ACC-000204,CUS-000128,SYN-ACCOUNT-000204,THB,ACTIVE,2025-09-26 00:00:00
ACC-000205,CUS-000136,SYN-ACCOUNT-000205,USD,ACTIVE,2025-04-30 00:00:00
ACC-000206,CUS-000152,SYN-ACCOUNT-000206,SGD,ACTIVE,2025-08-17 00:00:00
ACC-000207,CUS-000090,SYN-ACCOUNT-000207,THB,ACTIVE,2025-05-09 00:00:00
ACC-000208,CUS-000049,SYN-ACCOUNT-000208,USD,ACTIVE,2025-06-07 00:00:00
ACC-000209,CUS-000057,SYN-ACCOUNT-000209,USD,ACTIVE,2025-06-30 00:00:00
ACC-000210,CUS-000036,SYN-ACCOUNT-000210,USD,ACTIVE,2025-12-16 00:00:00
ACC-000211,CUS-000287,SYN-ACCOUNT-000211,USD,ACTIVE,2025-10-22 00:00:00
ACC-000212,CUS-000002,SYN-ACCOUNT-000212,THB,ACTIVE,2025-10-22 00:00:00
ACC-000213,CUS-000224,SYN-ACCOUNT-000213,THB,ACTIVE,2025-05-22 00:00:00
ACC-000214,CUS-000264,SYN-ACCOUNT-000214,THB,ACTIVE,2025-12-14 00:00:00
ACC-000215,CUS-000061,SYN-ACCOUNT-000215,THB,ACTIVE,2025-11-17 00:00:00
ACC-000216,CUS-000133,SYN-ACCOUNT-000216,USD,ACTIVE,2025-12-12 00:00:00
ACC-000217,CUS-000027,SYN-ACCOUNT-000217,SGD,REVIEW,2025-10-19 00:00:00
ACC-000218,CUS-000251,SYN-ACCOUNT-000218,USD,ACTIVE,2025-12-10 00:00:00
ACC-000219,CUS-000127,SYN-ACCOUNT-000219,SGD,ACTIVE,2025-12-09 00:00:00
ACC-000220,CUS-000191,SYN-ACCOUNT-000220,SGD,ACTIVE,2025-12-12 00:00:00
ACC-000221,CUS-000088,SYN-ACCOUNT-000221,USD,ACTIVE,2025-06-01 00:00:00
ACC-000222,CUS-000191,SYN-ACCOUNT-000222,USD,ACTIVE,2025-05-29 00:00:00
ACC-000223,CUS-000275,SYN-ACCOUNT-000223,SGD,REVIEW,2025-03-16 00:00:00
ACC-000224,CUS-000125,SYN-ACCOUNT-000224,THB,ACTIVE,2025-07-19 00:00:00
ACC-000225,CUS-000083,SYN-ACCOUNT-000225,USD,ACTIVE,2025-03-22 00:00:00
ACC-000226,CUS-000005,SYN-ACCOUNT-000226,THB,ACTIVE,2025-03-19 00:00:00
ACC-000227,CUS-000084,SYN-ACCOUNT-000227,SGD,SUSPENDED,2025-08-25 00:00:00
ACC-000228,CUS-000126,SYN-ACCOUNT-000228,THB,ACTIVE,2025-06-19 00:00:00
ACC-000229,CUS-000237,SYN-ACCOUNT-000229,SGD,ACTIVE,2025-07-18 00:00:00
ACC-000230,CUS-000025,SYN-ACCOUNT-000230,THB,ACTIVE,2025-10-29 00:00:00
ACC-000231,CUS-000292,SYN-ACCOUNT-000231,USD,ACTIVE,2025-11-30 00:00:00
ACC-000232,CUS-000052,SYN-ACCOUNT-000232,SGD,ACTIVE,2025-05-12 00:00:00
ACC-000233,CUS-000299,SYN-ACCOUNT-000233,USD,ACTIVE,2025-10-24 00:00:00
ACC-000234,CUS-000067,SYN-ACCOUNT-000234,SGD,ACTIVE,2025-07-25 00:00:00
ACC-000235,CUS-000032,SYN-ACCOUNT-000235,THB,ACTIVE,2025-06-16 00:00:00
ACC-000236,CUS-000048,SYN-ACCOUNT-000236,THB,ACTIVE,2025-04-05 00:00:00
ACC-000237,CUS-000083,SYN-ACCOUNT-000237,USD,ACTIVE,2025-11-20 00:00:00
ACC-000238,CUS-000018,SYN-ACCOUNT-000238,THB,ACTIVE,2025-06-04 00:00:00
ACC-000239,CUS-000009,SYN-ACCOUNT-000239,USD,ACTIVE,2025-10-28 00:00:00
ACC-000240,CUS-000281,SYN-ACCOUNT-000240,USD,ACTIVE,2025-07-08 00:00:00
ACC-000241,CUS-000228,SYN-ACCOUNT-000241,THB,ACTIVE,2025-04-11 00:00:00
ACC-000242,CUS-000151,SYN-ACCOUNT-000242,SGD,ACTIVE,2025-09-21 00:00:00
ACC-000243,CUS-000077,SYN-ACCOUNT-000243,SGD,ACTIVE,2025-12-05 00:00:00
ACC-000244,CUS-000192,SYN-ACCOUNT-000244,USD,ACTIVE,2025-06-27 00:00:00
ACC-000245,CUS-000105,SYN-ACCOUNT-000245,USD,ACTIVE,2025-10-06 00:00:00
ACC-000246,CUS-000128,SYN-ACCOUNT-000246,THB,ACTIVE,2025-09-17 00:00:00
ACC-000247,CUS-000103,SYN-ACCOUNT-000247,USD,ACTIVE,2025-03-17 00:00:00
ACC-000248,CUS-000110,SYN-ACCOUNT-000248,USD,ACTIVE,2025-10-28 00:00:00
ACC-000249,CUS-000151,SYN-ACCOUNT-000249,THB,ACTIVE,2025-09-12 00:00:00
ACC-000250,CUS-000272,SYN-ACCOUNT-000250,SGD,ACTIVE,2025-06-23 00:00:00
ACC-000251,CUS-000256,SYN-ACCOUNT-000251,USD,ACTIVE,2025-08-24 00:00:00
ACC-000252,CUS-000143,SYN-ACCOUNT-000252,SGD,ACTIVE,2025-04-18 00:00:00
ACC-000253,CUS-000086,SYN-ACCOUNT-000253,SGD,ACTIVE,2025-12-18 00:00:00
ACC-000254,CUS-000201,SYN-ACCOUNT-000254,USD,ACTIVE,2025-05-02 00:00:00
ACC-000255,CUS-000128,SYN-ACCOUNT-000255,SGD,ACTIVE,2025-09-23 00:00:00
ACC-000256,CUS-000009,SYN-ACCOUNT-000256,THB,ACTIVE,2025-06-10 00:00:00
ACC-000257,CUS-000135,SYN-ACCOUNT-000257,USD,ACTIVE,2025-12-12 00:00:00
ACC-000258,CUS-000214,SYN-ACCOUNT-000258,THB,ACTIVE,2025-12-25 00:00:00
ACC-000259,CUS-000038,SYN-ACCOUNT-000259,THB,SUSPENDED,2025-05-01 00:00:00
ACC-000260,CUS-000239,SYN-ACCOUNT-000260,USD,SUSPENDED,2025-05-09 00:00:00
ACC-000261,CUS-000025,SYN-ACCOUNT-000261,THB,ACTIVE,2025-06-16 00:00:00
ACC-000262,CUS-000164,SYN-ACCOUNT-000262,THB,ACTIVE,2025-11-19 00:00:00
ACC-000263,CUS-000023,SYN-ACCOUNT-000263,SGD,ACTIVE,2025-05-16 00:00:00
ACC-000264,CUS-000231,SYN-ACCOUNT-000264,THB,ACTIVE,2025-11-19 00:00:00
ACC-000265,CUS-000288,SYN-ACCOUNT-000265,SGD,ACTIVE,2025-07-16 00:00:00
ACC-000266,CUS-000088,SYN-ACCOUNT-000266,THB,ACTIVE,2025-08-11 00:00:00
ACC-000267,CUS-000228,SYN-ACCOUNT-000267,USD,ACTIVE,2025-05-22 00:00:00
ACC-000268,CUS-000142,SYN-ACCOUNT-000268,SGD,ACTIVE,2025-07-05 00:00:00
ACC-000269,CUS-000159,SYN-ACCOUNT-000269,SGD,ACTIVE,2025-06-22 00:00:00
ACC-000270,CUS-000002,SYN-ACCOUNT-000270,SGD,SUSPENDED,2025-10-09 00:00:00
ACC-000271,CUS-000114,SYN-ACCOUNT-000271,SGD,ACTIVE,2025-06-18 00:00:00
ACC-000272,CUS-000257,SYN-ACCOUNT-000272,THB,REVIEW,2025-05-14 00:00:00
ACC-000273,CUS-000157,SYN-ACCOUNT-000273,THB,ACTIVE,2025-12-20 00:00:00
ACC-000274,CUS-000129,SYN-ACCOUNT-000274,USD,ACTIVE,2025-09-03 00:00:00
ACC-000275,CUS-000231,SYN-ACCOUNT-000275,SGD,ACTIVE,2025-06-24 00:00:00
ACC-000276,CUS-000179,SYN-ACCOUNT-000276,USD,ACTIVE,2025-12-24 00:00:00
ACC-000277,CUS-000159,SYN-ACCOUNT-000277,SGD,ACTIVE,2025-09-12 00:00:00
ACC-000278,CUS-000144,SYN-ACCOUNT-000278,USD,ACTIVE,2025-12-13 00:00:00
ACC-000279,CUS-000090,SYN-ACCOUNT-000279,SGD,ACTIVE,2025-03-16 00:00:00
ACC-000280,CUS-000064,SYN-ACCOUNT-000280,USD,ACTIVE,2025-06-08 00:00:00
ACC-000281,CUS-000109,SYN-ACCOUNT-000281,SGD,ACTIVE,2025-05-11 00:00:00
ACC-000282,CUS-000180,SYN-ACCOUNT-000282,THB,ACTIVE,2025-08-20 00:00:00
ACC-000283,CUS-000085,SYN-ACCOUNT-000283,USD,ACTIVE,2025-06-18 00:00:00
ACC-000284,CUS-000277,SYN-ACCOUNT-000284,SGD,ACTIVE,2025-07-27 00:00:00
ACC-000285,CUS-000187,SYN-ACCOUNT-000285,SGD,ACTIVE,2025-10-24 00:00:00
ACC-000286,CUS-000075,SYN-ACCOUNT-000286,THB,ACTIVE,2025-12-11 00:00:00
ACC-000287,CUS-000125,SYN-ACCOUNT-000287,USD,ACTIVE,2025-08-18 00:00:00
ACC-000288,CUS-000066,SYN-ACCOUNT-000288,USD,ACTIVE,2025-08-25 00:00:00
ACC-000289,CUS-000034,SYN-ACCOUNT-000289,SGD,ACTIVE,2025-09-25 00:00:00
ACC-000290,CUS-000275,SYN-ACCOUNT-000290,USD,ACTIVE,2025-08-13 00:00:00
ACC-000291,CUS-000167,SYN-ACCOUNT-000291,USD,ACTIVE,2025-03-13 00:00:00
ACC-000292,CUS-000172,SYN-ACCOUNT-000292,THB,ACTIVE,2025-04-16 00:00:00
ACC-000293,CUS-000261,SYN-ACCOUNT-000293,THB,ACTIVE,2025-06-05 00:00:00
ACC-000294,CUS-000220,SYN-ACCOUNT-000294,SGD,ACTIVE,2025-09-14 00:00:00
ACC-000295,CUS-000206,SYN-ACCOUNT-000295,THB,ACTIVE,2025-11-18 00:00:00
ACC-000296,CUS-000132,SYN-ACCOUNT-000296,USD,ACTIVE,2025-09-06 00:00:00
ACC-000297,CUS-000057,SYN-ACCOUNT-000297,SGD,ACTIVE,2025-05-18 00:00:00
ACC-000298,CUS-000266,SYN-ACCOUNT-000298,SGD,ACTIVE,2025-06-11 00:00:00
ACC-000299,CUS-000155,SYN-ACCOUNT-000299,THB,ACTIVE,2025-03-08 00:00:00
ACC-000300,CUS-000181,SYN-ACCOUNT-000300,THB,ACTIVE,2025-04-07 00:00:00
ACC-000301,CUS-000197,SYN-ACCOUNT-000301,THB,ACTIVE,2025-09-09 00:00:00
ACC-000302,CUS-000116,SYN-ACCOUNT-000302,THB,ACTIVE,2025-11-24 00:00:00
ACC-000303,CUS-000083,SYN-ACCOUNT-000303,SGD,ACTIVE,2025-05-24 00:00:00
ACC-000304,CUS-000034,SYN-ACCOUNT-000304,SGD,ACTIVE,2025-07-19 00:00:00
ACC-000305,CUS-000032,SYN-ACCOUNT-000305,THB,REVIEW,2025-12-21 00:00:00
ACC-000306,CUS-000088,SYN-ACCOUNT-000306,SGD,ACTIVE,2025-04-03 00:00:00
ACC-000307,CUS-000036,SYN-ACCOUNT-000307,THB,ACTIVE,2025-03-09 00:00:00
ACC-000308,CUS-000215,SYN-ACCOUNT-000308,SGD,ACTIVE,2025-09-11 00:00:00
ACC-000309,CUS-000246,SYN-ACCOUNT-000309,SGD,ACTIVE,2025-03-29 00:00:00
ACC-000310,CUS-000284,SYN-ACCOUNT-000310,THB,ACTIVE,2025-07-07 00:00:00
ACC-000311,CUS-000001,SYN-ACCOUNT-000311,USD,ACTIVE,2025-07-13 00:00:00
ACC-000312,CUS-000053,SYN-ACCOUNT-000312,SGD,ACTIVE,2025-08-03 00:00:00
ACC-000313,CUS-000222,SYN-ACCOUNT-000313,THB,ACTIVE,2025-06-26 00:00:00
ACC-000314,CUS-000177,SYN-ACCOUNT-000314,THB,ACTIVE,2025-08-24 00:00:00
ACC-000315,CUS-000261,SYN-ACCOUNT-000315,THB,ACTIVE,2025-06-21 00:00:00
ACC-000316,CUS-000007,SYN-ACCOUNT-000316,SGD,ACTIVE,2025-11-17 00:00:00
ACC-000317,CUS-000039,SYN-ACCOUNT-000317,USD,ACTIVE,2025-08-22 00:00:00
ACC-000318,CUS-000135,SYN-ACCOUNT-000318,THB,ACTIVE,2025-07-22 00:00:00
ACC-000319,CUS-000056,SYN-ACCOUNT-000319,SGD,ACTIVE,2025-04-10 00:00:00
ACC-000320,CUS-000164,SYN-ACCOUNT-000320,USD,ACTIVE,2025-07-08 00:00:00
ACC-000321,CUS-000291,SYN-ACCOUNT-000321,THB,ACTIVE,2025-06-10 00:00:00
ACC-000322,CUS-000260,SYN-ACCOUNT-000322,SGD,ACTIVE,2025-05-12 00:00:00
ACC-000323,CUS-000166,SYN-ACCOUNT-000323,USD,ACTIVE,2025-08-13 00:00:00
ACC-000324,CUS-000239,SYN-ACCOUNT-000324,THB,ACTIVE,2025-11-19 00:00:00
ACC-000325,CUS-000209,SYN-ACCOUNT-000325,SGD,SUSPENDED,2025-05-24 00:00:00
ACC-000326,CUS-000059,SYN-ACCOUNT-000326,USD,ACTIVE,2025-05-30 00:00:00
ACC-000327,CUS-000253,SYN-ACCOUNT-000327,USD,ACTIVE,2025-08-09 00:00:00
ACC-000328,CUS-000021,SYN-ACCOUNT-000328,THB,ACTIVE,2025-07-30 00:00:00
ACC-000329,CUS-000294,SYN-ACCOUNT-000329,THB,ACTIVE,2025-05-19 00:00:00
ACC-000330,CUS-000015,SYN-ACCOUNT-000330,USD,ACTIVE,2025-11-29 00:00:00
ACC-000331,CUS-000235,SYN-ACCOUNT-000331,USD,ACTIVE,2025-04-05 00:00:00
ACC-000332,CUS-000017,SYN-ACCOUNT-000332,THB,ACTIVE,2025-06-12 00:00:00
ACC-000333,CUS-000260,SYN-ACCOUNT-000333,USD,ACTIVE,2025-11-19 00:00:00
ACC-000334,CUS-000257,SYN-ACCOUNT-000334,USD,ACTIVE,2025-05-03 00:00:00
ACC-000335,CUS-000179,SYN-ACCOUNT-000335,USD,ACTIVE,2025-12-13 00:00:00
ACC-000336,CUS-000023,SYN-ACCOUNT-000336,THB,ACTIVE,2025-08-24 00:00:00
ACC-000337,CUS-000016,SYN-ACCOUNT-000337,THB,ACTIVE,2025-06-02 00:00:00
ACC-000338,CUS-000130,SYN-ACCOUNT-000338,THB,ACTIVE,2025-04-29 00:00:00
ACC-000339,CUS-000013,SYN-ACCOUNT-000339,SGD,ACTIVE,2025-06-16 00:00:00
ACC-000340,CUS-000202,SYN-ACCOUNT-000340,SGD,ACTIVE,2025-11-07 00:00:00
ACC-000341,CUS-000155,SYN-ACCOUNT-000341,THB,ACTIVE,2025-04-14 00:00:00
ACC-000342,CUS-000186,SYN-ACCOUNT-000342,USD,ACTIVE,2025-03-26 00:00:00
ACC-000343,CUS-000174,SYN-ACCOUNT-000343,THB,ACTIVE,2025-03-13 00:00:00
ACC-000344,CUS-000028,SYN-ACCOUNT-000344,THB,ACTIVE,2025-10-26 00:00:00
ACC-000345,CUS-000185,SYN-ACCOUNT-000345,THB,ACTIVE,2025-09-03 00:00:00
ACC-000346,CUS-000110,SYN-ACCOUNT-000346,THB,ACTIVE,2025-12-10 00:00:00
ACC-000347,CUS-000217,SYN-ACCOUNT-000347,USD,ACTIVE,2025-04-13 00:00:00
ACC-000348,CUS-000112,SYN-ACCOUNT-000348,SGD,ACTIVE,2025-12-04 00:00:00
ACC-000349,CUS-000240,SYN-ACCOUNT-000349,USD,ACTIVE,2025-10-19 00:00:00
ACC-000350,CUS-000194,SYN-ACCOUNT-000350,THB,ACTIVE,2025-05-04 00:00:00
ACC-000351,CUS-000252,SYN-ACCOUNT-000351,USD,ACTIVE,2025-04-15 00:00:00
ACC-000352,CUS-000191,SYN-ACCOUNT-000352,SGD,ACTIVE,2025-06-01 00:00:00
ACC-000353,CUS-000186,SYN-ACCOUNT-000353,THB,ACTIVE,2025-11-16 00:00:00
ACC-000354,CUS-000213,SYN-ACCOUNT-000354,USD,REVIEW,2025-06-05 00:00:00
ACC-000355,CUS-000242,SYN-ACCOUNT-000355,USD,ACTIVE,2025-08-24 00:00:00
ACC-000356,CUS-000197,SYN-ACCOUNT-000356,SGD,ACTIVE,2025-10-22 00:00:00
ACC-000357,CUS-000141,SYN-ACCOUNT-000357,SGD,ACTIVE,2025-06-17 00:00:00
ACC-000358,CUS-000022,SYN-ACCOUNT-000358,THB,ACTIVE,2025-08-25 00:00:00
ACC-000359,CUS-000102,SYN-ACCOUNT-000359,THB,ACTIVE,2025-07-16 00:00:00
ACC-000360,CUS-000055,SYN-ACCOUNT-000360,THB,ACTIVE,2025-06-03 00:00:00
ACC-000361,CUS-000135,SYN-ACCOUNT-000361,USD,ACTIVE,2025-07-09 00:00:00
ACC-000362,CUS-000298,SYN-ACCOUNT-000362,SGD,ACTIVE,2025-10-16 00:00:00
ACC-000363,CUS-000055,SYN-ACCOUNT-000363,THB,ACTIVE,2025-03-24 00:00:00
ACC-000364,CUS-000300,SYN-ACCOUNT-000364,THB,ACTIVE,2025-08-19 00:00:00
ACC-000365,CUS-000274,SYN-ACCOUNT-000365,USD,ACTIVE,2025-08-24 00:00:00
ACC-000366,CUS-000215,SYN-ACCOUNT-000366,USD,ACTIVE,2025-07-23 00:00:00
ACC-000367,CUS-000071,SYN-ACCOUNT-000367,USD,ACTIVE,2025-09-01 00:00:00
ACC-000368,CUS-000157,SYN-ACCOUNT-000368,THB,ACTIVE,2025-06-16 00:00:00
ACC-000369,CUS-000172,SYN-ACCOUNT-000369,USD,REVIEW,2025-04-17 00:00:00
ACC-000370,CUS-000206,SYN-ACCOUNT-000370,THB,ACTIVE,2025-12-09 00:00:00
ACC-000371,CUS-000020,SYN-ACCOUNT-000371,USD,ACTIVE,2025-03-23 00:00:00
ACC-000372,CUS-000248,SYN-ACCOUNT-000372,SGD,ACTIVE,2025-06-15 00:00:00
ACC-000373,CUS-000229,SYN-ACCOUNT-000373,SGD,ACTIVE,2025-04-09 00:00:00
ACC-000374,CUS-000207,SYN-ACCOUNT-000374,USD,ACTIVE,2025-12-23 00:00:00
ACC-000375,CUS-000132,SYN-ACCOUNT-000375,SGD,ACTIVE,2025-05-17 00:00:00
ACC-000376,CUS-000150,SYN-ACCOUNT-000376,THB,ACTIVE,2025-06-19 00:00:00
ACC-000377,CUS-000060,SYN-ACCOUNT-000377,THB,ACTIVE,2025-07-18 00:00:00
ACC-000378,CUS-000187,SYN-ACCOUNT-000378,USD,ACTIVE,2025-11-12 00:00:00
ACC-000379,CUS-000074,SYN-ACCOUNT-000379,USD,ACTIVE,2025-05-25 00:00:00
ACC-000380,CUS-000155,SYN-ACCOUNT-000380,SGD,ACTIVE,2025-07-13 00:00:00
ACC-000381,CUS-000208,SYN-ACCOUNT-000381,USD,ACTIVE,2025-09-17 00:00:00
ACC-000382,CUS-000157,SYN-ACCOUNT-000382,USD,REVIEW,2025-05-02 00:00:00
ACC-000383,CUS-000126,SYN-ACCOUNT-000383,USD,ACTIVE,2025-05-11 00:00:00
ACC-000384,CUS-000238,SYN-ACCOUNT-000384,USD,ACTIVE,2025-04-16 00:00:00
ACC-000385,CUS-000018,SYN-ACCOUNT-000385,THB,ACTIVE,2025-06-22 00:00:00
ACC-000386,CUS-000028,SYN-ACCOUNT-000386,USD,ACTIVE,2025-06-30 00:00:00
ACC-000387,CUS-000262,SYN-ACCOUNT-000387,USD,ACTIVE,2025-10-03 00:00:00
ACC-000388,CUS-000263,SYN-ACCOUNT-000388,USD,ACTIVE,2025-11-24 00:00:00
ACC-000389,CUS-000063,SYN-ACCOUNT-000389,THB,ACTIVE,2025-03-16 00:00:00
ACC-000390,CUS-000028,SYN-ACCOUNT-000390,SGD,ACTIVE,2025-07-06 00:00:00
ACC-000391,CUS-000059,SYN-ACCOUNT-000391,THB,ACTIVE,2025-06-05 00:00:00
ACC-000392,CUS-000230,SYN-ACCOUNT-000392,SGD,ACTIVE,2025-11-07 00:00:00
ACC-000393,CUS-000026,SYN-ACCOUNT-000393,THB,ACTIVE,2025-09-08 00:00:00
ACC-000394,CUS-000079,SYN-ACCOUNT-000394,SGD,ACTIVE,2025-03-18 00:00:00
ACC-000395,CUS-000253,SYN-ACCOUNT-000395,USD,REVIEW,2025-09-28 00:00:00
ACC-000396,CUS-000022,SYN-ACCOUNT-000396,THB,ACTIVE,2025-08-17 00:00:00
ACC-000397,CUS-000048,SYN-ACCOUNT-000397,THB,ACTIVE,2025-12-10 00:00:00
ACC-000398,CUS-000225,SYN-ACCOUNT-000398,THB,ACTIVE,2025-06-21 00:00:00
ACC-000399,CUS-000267,SYN-ACCOUNT-000399,USD,ACTIVE,2025-12-21 00:00:00
ACC-000400,CUS-000255,SYN-ACCOUNT-000400,SGD,ACTIVE,2025-05-01 00:00:00
ACC-000401,CUS-000152,SYN-ACCOUNT-000401,THB,ACTIVE,2025-07-23 00:00:00
ACC-000402,CUS-000296,SYN-ACCOUNT-000402,USD,ACTIVE,2025-06-09 00:00:00
ACC-000403,CUS-000113,SYN-ACCOUNT-000403,USD,ACTIVE,2025-03-12 00:00:00
ACC-000404,CUS-000077,SYN-ACCOUNT-000404,SGD,ACTIVE,2025-05-17 00:00:00
ACC-000405,CUS-000148,SYN-ACCOUNT-000405,USD,ACTIVE,2025-10-06 00:00:00
ACC-000406,CUS-000081,SYN-ACCOUNT-000406,THB,ACTIVE,2025-07-13 00:00:00
ACC-000407,CUS-000130,SYN-ACCOUNT-000407,SGD,ACTIVE,2025-06-14 00:00:00
ACC-000408,CUS-000097,SYN-ACCOUNT-000408,THB,ACTIVE,2025-06-25 00:00:00
ACC-000409,CUS-000005,SYN-ACCOUNT-000409,USD,ACTIVE,2025-04-26 00:00:00
ACC-000410,CUS-000115,SYN-ACCOUNT-000410,USD,ACTIVE,2025-07-18 00:00:00
ACC-000411,CUS-000164,SYN-ACCOUNT-000411,THB,ACTIVE,2025-08-28 00:00:00
ACC-000412,CUS-000069,SYN-ACCOUNT-000412,THB,ACTIVE,2025-10-22 00:00:00
ACC-000413,CUS-000230,SYN-ACCOUNT-000413,USD,ACTIVE,2025-11-14 00:00:00
ACC-000414,CUS-000113,SYN-ACCOUNT-000414,USD,ACTIVE,2025-10-05 00:00:00
ACC-000415,CUS-000079,SYN-ACCOUNT-000415,SGD,SUSPENDED,2025-08-22 00:00:00
ACC-000416,CUS-000041,SYN-ACCOUNT-000416,THB,ACTIVE,2025-12-01 00:00:00
ACC-000417,CUS-000119,SYN-ACCOUNT-000417,USD,ACTIVE,2025-05-20 00:00:00
ACC-000418,CUS-000178,SYN-ACCOUNT-000418,USD,ACTIVE,2025-11-06 00:00:00
ACC-000419,CUS-000057,SYN-ACCOUNT-000419,SGD,ACTIVE,2025-08-02 00:00:00
ACC-000420,CUS-000213,SYN-ACCOUNT-000420,THB,ACTIVE,2025-09-12 00:00:00
ACC-000421,CUS-000108,SYN-ACCOUNT-000421,SGD,ACTIVE,2025-11-17 00:00:00
ACC-000422,CUS-000124,SYN-ACCOUNT-000422,THB,ACTIVE,2025-07-06 00:00:00
ACC-000423,CUS-000130,SYN-ACCOUNT-000423,USD,ACTIVE,2025-11-16 00:00:00
ACC-000424,CUS-000232,SYN-ACCOUNT-000424,USD,ACTIVE,2025-11-30 00:00:00
ACC-000425,CUS-000135,SYN-ACCOUNT-000425,THB,ACTIVE,2025-10-04 00:00:00
ACC-000426,CUS-000062,SYN-ACCOUNT-000426,USD,ACTIVE,2025-09-06 00:00:00
ACC-000427,CUS-000161,SYN-ACCOUNT-000427,THB,ACTIVE,2025-08-09 00:00:00
ACC-000428,CUS-000289,SYN-ACCOUNT-000428,USD,ACTIVE,2025-04-17 00:00:00
ACC-000429,CUS-000271,SYN-ACCOUNT-000429,USD,ACTIVE,2025-07-06 00:00:00
ACC-000430,CUS-000096,SYN-ACCOUNT-000430,THB,ACTIVE,2025-09-12 00:00:00
ACC-000431,CUS-000007,SYN-ACCOUNT-000431,SGD,ACTIVE,2025-09-04 00:00:00
ACC-000432,CUS-000074,SYN-ACCOUNT-000432,SGD,ACTIVE,2025-08-03 00:00:00
ACC-000433,CUS-000225,SYN-ACCOUNT-000433,SGD,ACTIVE,2025-12-19 00:00:00
ACC-000434,CUS-000251,SYN-ACCOUNT-000434,USD,ACTIVE,2025-09-14 00:00:00
ACC-000435,CUS-000117,SYN-ACCOUNT-000435,SGD,ACTIVE,2025-07-09 00:00:00
ACC-000436,CUS-000196,SYN-ACCOUNT-000436,SGD,ACTIVE,2025-05-01 00:00:00
ACC-000437,CUS-000292,SYN-ACCOUNT-000437,THB,ACTIVE,2025-10-02 00:00:00
ACC-000438,CUS-000198,SYN-ACCOUNT-000438,USD,ACTIVE,2025-07-15 00:00:00
ACC-000439,CUS-000115,SYN-ACCOUNT-000439,SGD,ACTIVE,2025-12-04 00:00:00
ACC-000440,CUS-000291,SYN-ACCOUNT-000440,SGD,REVIEW,2025-12-05 00:00:00
ACC-000441,CUS-000041,SYN-ACCOUNT-000441,SGD,ACTIVE,2025-09-18 00:00:00
ACC-000442,CUS-000042,SYN-ACCOUNT-000442,SGD,ACTIVE,2025-11-05 00:00:00
ACC-000443,CUS-000021,SYN-ACCOUNT-000443,SGD,ACTIVE,2025-04-30 00:00:00
ACC-000444,CUS-000155,SYN-ACCOUNT-000444,THB,ACTIVE,2025-12-03 00:00:00
ACC-000445,CUS-000017,SYN-ACCOUNT-000445,SGD,REVIEW,2025-11-24 00:00:00
ACC-000446,CUS-000139,SYN-ACCOUNT-000446,THB,ACTIVE,2025-04-06 00:00:00
ACC-000447,CUS-000077,SYN-ACCOUNT-000447,SGD,ACTIVE,2025-07-25 00:00:00
ACC-000448,CUS-000224,SYN-ACCOUNT-000448,USD,ACTIVE,2025-06-13 00:00:00
ACC-000449,CUS-000134,SYN-ACCOUNT-000449,SGD,ACTIVE,2025-12-04 00:00:00
ACC-000450,CUS-000133,SYN-ACCOUNT-000450,SGD,ACTIVE,2025-08-07 00:00:00
