payment_id,creator_token,payment_amount,post_date,settlement_account_token,payment_cycle,payment_status,payment_type,source_reference_token
PAY-0000001,CRT-00052,7085.93,2026-04-23,SYNBANK-582873,MONTH_END,REVIEW,OTHER_SERVICE,SRCREF-0000001
PAY-0000002,CRT-00088,4248.47,2026-06-27,SYNBANK-999019,DAY_16,PAID,CREATOR_CONTENT,SRCREF-0000002
PAY-0000003,CRT-00070,0.0,2026-05-27,SYNBANK-794947,DAY_16,PAID,CREATOR_CONTENT,SRCREF-0000003
PAY-0000004,CRT-00041,0.0,2026-04-05,SYNBANK-464953,DAY_16,PAID,CREATOR_CONTENT,SRCREF-0000004
PAY-0000005,CRT-00008,1646.92,2026-02-05,SYNBANK-088684,MONTH_END,PAID,LIVE_HOST,SRCREF-0000005
PAY-0000006,CRT-00010,0.0,2026-02-08,SYNBANK-103417,DAY_16,PAID,CREATOR_CONTENT,SRCREF-0000006
PAY-0000007,CRT-00077,0.0,2026-06-08,SYNBANK-873867,DAY_16,PAID,CREATOR_CONTENT,SRCREF-0000007
PAY-0000008,CRT-00024,0.0,2026-03-05,SYNBANK-266255,DAY_16,PAID,CREATOR_CONTENT,SRCREF-0000008
PAY-0000009,CRT-00074,1207.48,2026-06-02,SYNBANK-836715,MONTH_END,PAID,CREATOR_CONTENT,SRCREF-0000009
PAY-0000010,CRT-00067,0.0,2026-05-21,SYNBANK-761242,DAY_16,PAID,CREATOR_CONTENT,SRCREF-0000010
PAY-0000011,CRT-00002,1596.97,2026-01-24,SYNBANK-011658,DAY_16,PAID,CREATOR_CONTENT,SRCREF-0000011
PAY-0000012,CRT-00013,0.0,2026-02-13,SYNBANK-136900,DAY_16,PAID,CREATOR_CONTENT,SRCREF-0000012
PAY-0000013,CRT-00041,6536.3,2026-04-04,SYNBANK-458263,MONTH_END,PAID,CREATOR_CONTENT,SRCREF-0000013
PAY-0000014,CRT-00022,682.0,2026-03-02,SYNBANK-247870,MONTH_END,PAID,CREATOR_CONTENT,SRCREF-0000014
PAY-0000015,CRT-00075,682.0,2026-06-03,SYNBANK-842567,MONTH_END,PAID,LIVE_HOST,SRCREF-0000015
PAY-0000016,CRT-00005,1894.66,2026-01-30,SYNBANK-050926,DAY_16,PAID,CREATOR_CONTENT,SRCREF-0000016
PAY-0000017,CRT-00034,2365.47,2026-03-22,SYNBANK-376162,DAY_16,PAID,CREATOR_CONTENT,SRCREF-0000017
PAY-0000018,CRT-00050,1792.02,2026-04-21,SYNBANK-567524,MONTH_END,PAID,CREATOR_CONTENT,SRCREF-0000018
PAY-0000019,CRT-00056,753.99,2026-05-01,SYNBANK-628410,MONTH_END,PAID,CREATOR_CONTENT,SRCREF-0000019
PAY-0000020,CRT-00005,1727.99,2026-01-30,SYNBANK-049627,MONTH_END,PENDING,LIVE_HOST,SRCREF-0000020
PAY-0000021,CRT-00016,2032.53,2026-02-19,SYNBANK-176218,DAY_16,PAID,CREATOR_CONTENT,SRCREF-0000021
PAY-0000022,CRT-00037,2803.59,2026-03-28,SYNBANK-413661,MONTH_END,REVIEW,OTHER_SERVICE,SRCREF-0000022
PAY-0000023,CRT-00048,1819.63,2026-04-16,SYNBANK-536943,MONTH_END,PAID,CREATOR_CONTENT,SRCREF-0000023
PAY-0000024,CRT-00025,2763.26,2026-03-07,SYNBANK-276451,DAY_16,PAID,CREATOR_CONTENT,SRCREF-0000024
PAY-0000025,CRT-00005,0.0,2026-01-30,SYNBANK-049056,DAY_16,PAID,CREATOR_CONTENT,SRCREF-0000025
PAY-0000026,CRT-00052,0.0,2026-04-24,SYNBANK-587301,DAY_16,PAID,CREATOR_CONTENT,SRCREF-0000026
PAY-0000027,CRT-00067,0.0,2026-05-21,SYNBANK-758975,DAY_16,PAID,CREATOR_CONTENT,SRCREF-0000027
PAY-0000028,CRT-00052,682.0,2026-04-24,SYNBANK-589633,MONTH_END,REVIEW,OTHER_SERVICE,SRCREF-0000028
PAY-0000029,CRT-00047,917.15,2026-04-14,SYNBANK-525054,DAY_16,PAID,CREATOR_CONTENT,SRCREF-0000029
PAY-0000030,CRT-00063,0.0,2026-05-14,SYNBANK-713195,DAY_16,PAID,CREATOR_CONTENT,SRCREF-0000030
PAY-0000031,CRT-00044,1966.1,2026-04-10,SYNBANK-499027,MONTH_END,PAID,CREATOR_CONTENT,SRCREF-0000031
PAY-0000032,CRT-00035,682.0,2026-03-25,SYNBANK-394801,MONTH_END,PAID,LIVE_HOST,SRCREF-0000032
PAY-0000033,CRT-00022,682.0,2026-03-01,SYNBANK-241055,DAY_16,PAID,CREATOR_CONTENT,SRCREF-0000033
PAY-0000034,CRT-00038,981.49,2026-03-31,SYNBANK-430060,MONTH_END,PENDING,LIVE_HOST,SRCREF-0000034
PAY-0000035,CRT-00055,1848.97,2026-04-29,SYNBANK-621502,DAY_16,PAID,CREATOR_CONTENT,SRCREF-0000035
PAY-0000036,CRT-00058,1206.27,2026-05-04,SYNBANK-647748,MONTH_END,PAID,CREATOR_CONTENT,SRCREF-0000036
PAY-0000037,CRT-00064,0.0,2026-05-14,SYNBANK-716752,DAY_16,PAID,CREATOR_CONTENT,SRCREF-0000037
PAY-0000038,CRT-00050,2340.98,2026-04-20,SYNBANK-559675,DAY_16,PAID,CREATOR_CONTENT,SRCREF-0000038
PAY-0000039,CRT-00028,0.0,2026-03-11,SYNBANK-307551,DAY_16,PAID,CREATOR_CONTENT,SRCREF-0000039
PAY-0000040,CRT-00071,0.0,2026-05-28,SYNBANK-803900,DAY_16,PAID,CREATOR_CONTENT,SRCREF-0000040
PAY-0000041,CRT-00034,4128.74,2026-03-24,SYNBANK-385640,MONTH_END,REVIEW,OTHER_SERVICE,SRCREF-0000041
PAY-0000042,CRT-00036,1551.52,2026-03-27,SYNBANK-406786,MONTH_END,PENDING,LIVE_HOST,SRCREF-0000042
PAY-0000043,CRT-00036,952.21,2026-03-27,SYNBANK-408274,MONTH_END,PENDING,OTHER_SERVICE,SRCREF-0000043
PAY-0000044,CRT-00084,1013.52,2026-06-20,SYNBANK-950602,MONTH_END,PENDING,LIVE_HOST,SRCREF-0000044
PAY-0000045,CRT-00081,0.0,2026-06-15,SYNBANK-918192,DAY_16,PAID,CREATOR_CONTENT,SRCREF-0000045
PAY-0000046,CRT-00048,883.05,2026-04-17,SYNBANK-541897,MONTH_END,PENDING,LIVE_HOST,SRCREF-0000046
PAY-0000047,CRT-00048,682.0,2026-04-17,SYNBANK-541917,DAY_16,PAID,CREATOR_CONTENT,SRCREF-0000047
PAY-0000048,CRT-00032,3212.35,2026-03-20,SYNBANK-362172,MONTH_END,PENDING,OTHER_SERVICE,SRCREF-0000048
PAY-0000049,CRT-00059,869.95,2026-05-06,SYNBANK-660369,MONTH_END,PENDING,LIVE_HOST,SRCREF-0000049
PAY-0000050,CRT-00012,695.6,2026-02-11,SYNBANK-127786,DAY_16,PAID,CREATOR_CONTENT,SRCREF-0000050
PAY-0000051,CRT-00041,1377.93,2026-04-05,SYNBANK-463885,MONTH_END,PAID,LIVE_HOST,SRCREF-0000051
PAY-0000052,CRT-00024,3074.47,2026-03-06,SYNBANK-270404,MONTH_END,PAID,LIVE_HOST,SRCREF-0000052
PAY-0000053,CRT-00073,3213.91,2026-06-01,SYNBANK-828617,DAY_16,PAID,CREATOR_CONTENT,SRCREF-0000053
PAY-0000054,CRT-00015,2584.31,2026-02-17,SYNBANK-161830,MONTH_END,PENDING,LIVE_HOST,SRCREF-0000054
PAY-0000055,CRT-00039,1830.06,2026-03-31,SYNBANK-434546,DAY_16,PAID,CREATOR_CONTENT,SRCREF-0000055
PAY-0000056,CRT-00086,1490.29,2026-06-23,SYNBANK-971642,DAY_16,PAID,CREATOR_CONTENT,SRCREF-0000056
PAY-0000057,CRT-00006,0.0,2026-02-02,SYNBANK-064325,DAY_16,PAID,CREATOR_CONTENT,SRCREF-0000057
PAY-0000058,CRT-00029,0.0,2026-03-14,SYNBANK-324316,DAY_16,PAID,CREATOR_CONTENT,SRCREF-0000058
PAY-0000059,CRT-00077,733.15,2026-06-08,SYNBANK-873161,MONTH_END,PAID,CREATOR_CONTENT,SRCREF-0000059
PAY-0000060,CRT-00009,3001.32,2026-02-06,SYNBANK-093150,MONTH_END,REVIEW,OTHER_SERVICE,SRCREF-0000060
PAY-0000061,CRT-00020,16410.18,2026-02-25,SYNBANK-216372,MONTH_END,PAID,LIVE_HOST,SRCREF-0000061
PAY-0000062,CRT-00048,755.8,2026-04-17,SYNBANK-540397,MONTH_END,PENDING,LIVE_HOST,SRCREF-0000062
PAY-0000063,CRT-00074,0.0,2026-06-02,SYNBANK-834750,DAY_16,PAID,CREATOR_CONTENT,SRCREF-0000063
PAY-0000064,CRT-00062,0.0,2026-05-12,SYNBANK-703742,DAY_16,PAID,CREATOR_CONTENT,SRCREF-0000064
PAY-0000065,CRT-00035,682.0,2026-03-24,SYNBANK-390986,MONTH_END,PAID,CREATOR_CONTENT,SRCREF-0000065
PAY-0000066,CRT-00042,682.0,2026-04-06,SYNBANK-474121,DAY_16,PAID,CREATOR_CONTENT,SRCREF-0000066
PAY-0000067,CRT-00083,0.0,2026-06-17,SYNBANK-933915,DAY_16,PAID,CREATOR_CONTENT,SRCREF-0000067
PAY-0000068,CRT-00071,2233.35,2026-05-27,SYNBANK-801019,DAY_16,PAID,CREATOR_CONTENT,SRCREF-0000068
PAY-0000069,CRT-00012,4180.98,2026-02-11,SYNBANK-126412,MONTH_END,PENDING,LIVE_HOST,SRCREF-0000069
PAY-0000070,CRT-00031,0.0,2026-03-18,SYNBANK-348482,DAY_16,PAID,CREATOR_CONTENT,SRCREF-0000070
PAY-0000071,CRT-00083,0.0,2026-06-17,SYNBANK-931961,DAY_16,PAID,CREATOR_CONTENT,SRCREF-0000071
PAY-0000072,CRT-00057,0.0,2026-05-03,SYNBANK-647413,DAY_16,PAID,CREATOR_CONTENT,SRCREF-0000072
PAY-0000073,CRT-00041,1994.27,2026-04-04,SYNBANK-457676,DAY_16,PAID,CREATOR_CONTENT,SRCREF-0000073
PAY-0000074,CRT-00002,1835.9,2026-01-25,SYNBANK-015888,MONTH_END,PENDING,LIVE_HOST,SRCREF-0000074
PAY-0000075,CRT-00044,1036.8,2026-04-09,SYNBANK-492631,MONTH_END,PENDING,OTHER_SERVICE,SRCREF-0000075
PAY-0000076,CRT-00031,682.0,2026-03-18,SYNBANK-349096,MONTH_END,PENDING,OTHER_SERVICE,SRCREF-0000076
PAY-0000077,CRT-00081,0.0,2026-06-13,SYNBANK-909785,DAY_16,PAID,CREATOR_CONTENT,SRCREF-0000077
PAY-0000078,CRT-00019,1961.74,2026-02-24,SYNBANK-206697,MONTH_END,REVIEW,OTHER_SERVICE,SRCREF-0000078
PAY-0000079,CRT-00044,1126.52,2026-04-09,SYNBANK-492943,MONTH_END,PAID,CREATOR_CONTENT,SRCREF-0000079
PAY-0000080,CRT-00020,0.0,2026-02-26,SYNBANK-219517,DAY_16,PAID,CREATOR_CONTENT,SRCREF-0000080
PAY-0000081,CRT-00037,1005.34,2026-03-27,SYNBANK-409307,MONTH_END,PENDING,LIVE_HOST,SRCREF-0000081
PAY-0000082,CRT-00088,0.0,2026-06-27,SYNBANK-994653,DAY_16,PAID,CREATOR_CONTENT,SRCREF-0000082
PAY-0000083,CRT-00022,2053.26,2026-03-01,SYNBANK-242529,MONTH_END,PENDING,OTHER_SERVICE,SRCREF-0000083
PAY-0000084,CRT-00078,682.0,2026-06-08,SYNBANK-877580,DAY_16,PAID,CREATOR_CONTENT,SRCREF-0000084
PAY-0000085,CRT-00040,0.0,2026-04-02,SYNBANK-443847,DAY_16,PAID,CREATOR_CONTENT,SRCREF-0000085
PAY-0000086,CRT-00081,1698.38,2026-06-14,SYNBANK-913515,DAY_16,PAID,CREATOR_CONTENT,SRCREF-0000086
PAY-0000087,CRT-00086,0.0,2026-06-23,SYNBANK-974295,DAY_16,PAID,CREATOR_CONTENT,SRCREF-0000087
PAY-0000088,CRT-00069,3380.18,2026-05-25,SYNBANK-782752,MONTH_END,PENDING,LIVE_HOST,SRCREF-0000088
PAY-0000089,CRT-00012,6370.27,2026-02-12,SYNBANK-131039,MONTH_END,REVIEW,OTHER_SERVICE,SRCREF-0000089
PAY-0000090,CRT-00013,948.49,2026-02-13,SYNBANK-137874,MONTH_END,PENDING,LIVE_HOST,SRCREF-0000090
PAY-0000091,CRT-00063,803.93,2026-05-14,SYNBANK-715716,MONTH_END,REVIEW,OTHER_SERVICE,SRCREF-0000091
PAY-0000092,CRT-00070,1120.01,2026-05-26,SYNBANK-793396,MONTH_END,PENDING,OTHER_SERVICE,SRCREF-0000092
PAY-0000093,CRT-00002,0.0,2026-01-25,SYNBANK-018831,DAY_16,PAID,CREATOR_CONTENT,SRCREF-0000093
PAY-0000094,CRT-00044,0.0,2026-04-10,SYNBANK-499824,DAY_16,PAID,CREATOR_CONTENT,SRCREF-0000094
PAY-0000095,CRT-00035,1596.96,2026-03-25,SYNBANK-391840,DAY_16,PAID,CREATOR_CONTENT,SRCREF-0000095
PAY-0000096,CRT-00083,3410.32,2026-06-17,SYNBANK-935445,MONTH_END,PAID,CREATOR_CONTENT,SRCREF-0000096
PAY-0000097,CRT-00061,0.0,2026-05-09,SYNBANK-682312,DAY_16,PAID,CREATOR_CONTENT,SRCREF-0000097
PAY-0000098,CRT-00077,0.0,2026-06-07,SYNBANK-866677,DAY_16,PAID,CREATOR_CONTENT,SRCREF-0000098
PAY-0000099,CRT-00052,1810.41,2026-04-23,SYNBANK-581957,DAY_16,PAID,CREATOR_CONTENT,SRCREF-0000099
PAY-0000100,CRT-00029,1597.54,2026-03-15,SYNBANK-328673,MONTH_END,PENDING,LIVE_HOST,SRCREF-0000100
PAY-0000101,CRT-00008,0.0,2026-02-04,SYNBANK-079729,DAY_16,PAID,CREATOR_CONTENT,SRCREF-0000101
PAY-0000102,CRT-00059,0.0,2026-05-06,SYNBANK-660548,DAY_16,PAID,CREATOR_CONTENT,SRCREF-0000102
PAY-0000103,CRT-00044,3798.53,2026-04-09,SYNBANK-488984,MONTH_END,PAID,LIVE_HOST,SRCREF-0000103
PAY-0000104,CRT-00061,1082.73,2026-05-10,SYNBANK-689497,DAY_16,PAID,CREATOR_CONTENT,SRCREF-0000104
PAY-0000105,CRT-00037,0.0,2026-03-27,SYNBANK-409943,DAY_16,PAID,CREATOR_CONTENT,SRCREF-0000105
PAY-0000106,CRT-00034,0.0,2026-03-23,SYNBANK-382536,DAY_16,PAID,CREATOR_CONTENT,SRCREF-0000106
PAY-0000107,CRT-00074,1568.22,2026-06-01,SYNBANK-832358,MONTH_END,PAID,LIVE_HOST,SRCREF-0000107
PAY-0000108,CRT-00072,682.0,2026-05-30,SYNBANK-816913,MONTH_END,PENDING,OTHER_SERVICE,SRCREF-0000108
PAY-0000109,CRT-00061,682.0,2026-05-10,SYNBANK-687591,MONTH_END,PENDING,LIVE_HOST,SRCREF-0000109
PAY-0000110,CRT-00028,0.0,2026-03-12,SYNBANK-309896,DAY_16,PAID,CREATOR_CONTENT,SRCREF-0000110
PAY-0000111,CRT-00088,1160.15,2026-06-27,SYNBANK-998868,MONTH_END,PENDING,LIVE_HOST,SRCREF-0000111
PAY-0000112,CRT-00038,682.0,2026-03-30,SYNBANK-427051,DAY_16,PAID,CREATOR_CONTENT,SRCREF-0000112
PAY-0000113,CRT-00003,0.0,2026-01-26,SYNBANK-025550,DAY_16,PAID,CREATOR_CONTENT,SRCREF-0000113
PAY-0000114,CRT-00027,3468.66,2026-03-11,SYNBANK-305575,MONTH_END,REVIEW,OTHER_SERVICE,SRCREF-0000114
PAY-0000115,CRT-00032,1693.83,2026-03-19,SYNBANK-358046,MONTH_END,PAID,CREATOR_CONTENT,SRCREF-0000115
PAY-0000116,CRT-00001,1598.83,2026-01-23,SYNBANK-000697,MONTH_END,REVIEW,OTHER_SERVICE,SRCREF-0000116
PAY-0000117,CRT-00057,0.0,2026-05-02,SYNBANK-639891,DAY_16,PAID,CREATOR_CONTENT,SRCREF-0000117
PAY-0000118,CRT-00053,682.0,2026-04-25,SYNBANK-594599,MONTH_END,PAID,LIVE_HOST,SRCREF-0000118
PAY-0000119,CRT-00027,0.0,2026-03-11,SYNBANK-302566,DAY_16,PAID,CREATOR_CONTENT,SRCREF-0000119
PAY-0000120,CRT-00086,682.0,2026-06-23,SYNBANK-971681,MONTH_END,PAID,CREATOR_CONTENT,SRCREF-0000120
PAY-0000121,CRT-00076,3995.71,2026-06-05,SYNBANK-853207,DAY_16,PAID,CREATOR_CONTENT,SRCREF-0000121
PAY-0000122,CRT-00064,1358.28,2026-05-15,SYNBANK-721692,MONTH_END,PENDING,LIVE_HOST,SRCREF-0000122
PAY-0000123,CRT-00088,1292.37,2026-06-27,SYNBANK-997133,MONTH_END,PAID,LIVE_HOST,SRCREF-0000123
PAY-0000124,CRT-00072,0.0,2026-05-30,SYNBANK-816366,DAY_16,PAID,CREATOR_CONTENT,SRCREF-0000124
PAY-0000125,CRT-00041,1796.48,2026-04-05,SYNBANK-465019,MONTH_END,PENDING,LIVE_HOST,SRCREF-0000125
PAY-0000126,CRT-00011,1215.48,2026-02-10,SYNBANK-115677,MONTH_END,PENDING,LIVE_HOST,SRCREF-0000126
PAY-0000127,CRT-00026,0.0,2026-03-10,SYNBANK-294993,DAY_16,PAID,CREATOR_CONTENT,SRCREF-0000127
PAY-0000128,CRT-00020,4909.48,2026-02-26,SYNBANK-224351,MONTH_END,PAID,CREATOR_CONTENT,SRCREF-0000128
PAY-0000129,CRT-00057,0.0,2026-05-03,SYNBANK-642017,DAY_16,PAID,CREATOR_CONTENT,SRCREF-0000129
PAY-0000130,CRT-00049,1197.84,2026-04-18,SYNBANK-549458,DAY_16,PAID,CREATOR_CONTENT,SRCREF-0000130
PAY-0000131,CRT-00056,682.0,2026-05-02,SYNBANK-635708,DAY_16,PAID,CREATOR_CONTENT,SRCREF-0000131
PAY-0000132,CRT-00041,1430.09,2026-04-04,SYNBANK-457478,DAY_16,PAID,CREATOR_CONTENT,SRCREF-0000132
PAY-0000133,CRT-00035,5597.22,2026-03-24,SYNBANK-390675,DAY_16,PAID,CREATOR_CONTENT,SRCREF-0000133
PAY-0000134,CRT-00009,0.0,2026-02-06,SYNBANK-093216,DAY_16,PAID,CREATOR_CONTENT,SRCREF-0000134
PAY-0000135,CRT-00006,682.0,2026-02-01,SYNBANK-058362,MONTH_END,PAID,LIVE_HOST,SRCREF-0000135
PAY-0000136,CRT-00033,682.0,2026-03-21,SYNBANK-366046,DAY_16,PAID,CREATOR_CONTENT,SRCREF-0000136
PAY-0000137,CRT-00062,0.0,2026-05-11,SYNBANK-696092,DAY_16,PAID,CREATOR_CONTENT,SRCREF-0000137
PAY-0000138,CRT-00079,3387.76,2026-06-11,SYNBANK-896253,MONTH_END,PENDING,LIVE_HOST,SRCREF-0000138
PAY-0000139,CRT-00006,682.0,2026-02-01,SYNBANK-063638,MONTH_END,PENDING,LIVE_HOST,SRCREF-0000139
PAY-0000140,CRT-00005,682.0,2026-01-31,SYNBANK-054349,MONTH_END,REVIEW,OTHER_SERVICE,SRCREF-0000140
PAY-0000141,CRT-00037,0.0,2026-03-28,SYNBANK-411586,DAY_16,PAID,CREATOR_CONTENT,SRCREF-0000141
PAY-0000142,CRT-00020,770.83,2026-02-26,SYNBANK-219336,MONTH_END,PENDING,LIVE_HOST,SRCREF-0000142
PAY-0000143,CRT-00024,0.0,2026-03-05,SYNBANK-268005,DAY_16,PAID,CREATOR_CONTENT,SRCREF-0000143
PAY-0000144,CRT-00023,1513.16,2026-03-04,SYNBANK-259733,DAY_16,PAID,CREATOR_CONTENT,SRCREF-0000144
PAY-0000145,CRT-00072,2160.65,2026-05-30,SYNBANK-815275,MONTH_END,PAID,CREATOR_CONTENT,SRCREF-0000145
PAY-0000146,CRT-00029,2354.03,2026-03-15,SYNBANK-329069,MONTH_END,PAID,CREATOR_CONTENT,SRCREF-0000146
PAY-0000147,CRT-00051,0.0,2026-04-23,SYNBANK-577989,DAY_16,PAID,CREATOR_CONTENT,SRCREF-0000147
PAY-0000148,CRT-00074,0.0,2026-06-02,SYNBANK-834164,DAY_16,PAID,CREATOR_CONTENT,SRCREF-0000148
PAY-0000149,CRT-00003,1537.22,2026-01-27,SYNBANK-030507,MONTH_END,PENDING,OTHER_SERVICE,SRCREF-0000149
PAY-0000150,CRT-00080,682.0,2026-06-13,SYNBANK-907909,MONTH_END,PAID,LIVE_HOST,SRCREF-0000150
PAY-0000151,CRT-00031,682.0,2026-03-17,SYNBANK-341555,MONTH_END,PENDING,OTHER_SERVICE,SRCREF-0000151
PAY-0000152,CRT-00081,0.0,2026-06-13,SYNBANK-910015,DAY_16,PAID,CREATOR_CONTENT,SRCREF-0000152
PAY-0000153,CRT-00056,0.0,2026-05-01,SYNBANK-631071,DAY_16,PAID,CREATOR_CONTENT,SRCREF-0000153
PAY-0000154,CRT-00027,0.0,2026-03-11,SYNBANK-305126,DAY_16,PAID,CREATOR_CONTENT,SRCREF-0000154
PAY-0000155,CRT-00056,0.0,2026-04-30,SYNBANK-627106,DAY_16,PAID,CREATOR_CONTENT,SRCREF-0000155
PAY-0000156,CRT-00087,1916.1,2026-06-25,SYNBANK-984885,MONTH_END,PENDING,LIVE_HOST,SRCREF-0000156
PAY-0000157,CRT-00047,1853.67,2026-04-14,SYNBANK-524240,MONTH_END,REVIEW,OTHER_SERVICE,SRCREF-0000157
PAY-0000158,CRT-00048,1152.54,2026-04-16,SYNBANK-535128,MONTH_END,PAID,LIVE_HOST,SRCREF-0000158
PAY-0000159,CRT-00031,1000.3,2026-03-18,SYNBANK-348404,MONTH_END,PAID,LIVE_HOST,SRCREF-0000159
PAY-0000160,CRT-00025,0.0,2026-03-06,SYNBANK-275019,DAY_16,PAID,CREATOR_CONTENT,SRCREF-0000160
PAY-0000161,CRT-00066,0.0,2026-05-19,SYNBANK-746370,DAY_16,PAID,CREATOR_CONTENT,SRCREF-0000161
PAY-0000162,CRT-00071,0.0,2026-05-27,SYNBANK-796447,DAY_16,PAID,CREATOR_CONTENT,SRCREF-0000162
PAY-0000163,CRT-00056,0.0,2026-05-02,SYNBANK-635549,DAY_16,PAID,CREATOR_CONTENT,SRCREF-0000163
PAY-0000164,CRT-00023,0.0,2026-03-04,SYNBANK-259470,DAY_16,PAID,CREATOR_CONTENT,SRCREF-0000164
PAY-0000165,CRT-00029,3256.52,2026-03-14,SYNBANK-322106,MONTH_END,PAID,CREATOR_CONTENT,SRCREF-0000165
PAY-0000166,CRT-00083,0.0,2026-06-17,SYNBANK-933339,DAY_16,PAID,CREATOR_CONTENT,SRCREF-0000166
PAY-0000167,CRT-00087,1135.43,2026-06-25,SYNBANK-986208,MONTH_END,PAID,LIVE_HOST,SRCREF-0000167
PAY-0000168,CRT-00039,0.0,2026-04-01,SYNBANK-439021,DAY_16,PAID,CREATOR_CONTENT,SRCREF-0000168
PAY-0000169,CRT-00060,905.89,2026-05-07,SYNBANK-670967,MONTH_END,PENDING,LIVE_HOST,SRCREF-0000169
PAY-0000170,CRT-00017,682.0,2026-02-20,SYNBANK-184219,MONTH_END,PAID,LIVE_HOST,SRCREF-0000170
PAY-0000171,CRT-00059,682.0,2026-05-05,SYNBANK-659894,DAY_16,PAID,CREATOR_CONTENT,SRCREF-0000171
PAY-0000172,CRT-00044,1544.26,2026-04-10,SYNBANK-497870,DAY_16,PAID,CREATOR_CONTENT,SRCREF-0000172
PAY-0000173,CRT-00051,1298.14,2026-04-22,SYNBANK-570857,DAY_16,PAID,CREATOR_CONTENT,SRCREF-0000173
PAY-0000174,CRT-00011,682.0,2026-02-11,SYNBANK-122028,DAY_16,PAID,CREATOR_CONTENT,SRCREF-0000174
PAY-0000175,CRT-00069,3093.13,2026-05-23,SYNBANK-772885,MONTH_END,PAID,LIVE_HOST,SRCREF-0000175
PAY-0000176,CRT-00071,0.0,2026-05-28,SYNBANK-803717,DAY_16,PAID,CREATOR_CONTENT,SRCREF-0000176
PAY-0000177,CRT-00020,0.0,2026-02-27,SYNBANK-227262,DAY_16,PAID,CREATOR_CONTENT,SRCREF-0000177
PAY-0000178,CRT-00087,2426.36,2026-06-24,SYNBANK-977450,DAY_16,PAID,CREATOR_CONTENT,SRCREF-0000178
PAY-0000179,CRT-00083,686.15,2026-06-17,SYNBANK-934415,MONTH_END,REVIEW,OTHER_SERVICE,SRCREF-0000179
PAY-0000180,CRT-00075,2024.22,2026-06-03,SYNBANK-843476,MONTH_END,PAID,LIVE_HOST,SRCREF-0000180
PAY-0000181,CRT-00057,4218.0,2026-05-03,SYNBANK-646248,MONTH_END,REVIEW,OTHER_SERVICE,SRCREF-0000181
PAY-0000182,CRT-00086,0.0,2026-06-22,SYNBANK-966542,DAY_16,PAID,CREATOR_CONTENT,SRCREF-0000182
PAY-0000183,CRT-00088,0.0,2026-06-27,SYNBANK-996680,DAY_16,PAID,CREATOR_CONTENT,SRCREF-0000183
PAY-0000184,CRT-00083,682.0,2026-06-18,SYNBANK-942212,DAY_16,PAID,CREATOR_CONTENT,SRCREF-0000184
PAY-0000185,CRT-00029,0.0,2026-03-13,SYNBANK-319227,DAY_16,PAID,CREATOR_CONTENT,SRCREF-0000185
PAY-0000186,CRT-00020,1906.22,2026-02-25,SYNBANK-215925,MONTH_END,PENDING,OTHER_SERVICE,SRCREF-0000186
PAY-0000187,CRT-00087,4844.23,2026-06-25,SYNBANK-983076,MONTH_END,PAID,CREATOR_CONTENT,SRCREF-0000187
PAY-0000188,CRT-00005,1423.27,2026-01-30,SYNBANK-046748,DAY_16,PAID,CREATOR_CONTENT,SRCREF-0000188
PAY-0000189,CRT-00055,0.0,2026-04-29,SYNBANK-619769,DAY_16,PAID,CREATOR_CONTENT,SRCREF-0000189
PAY-0000190,CRT-00043,1043.32,2026-04-08,SYNBANK-481199,MONTH_END,PAID,LIVE_HOST,SRCREF-0000190
PAY-0000191,CRT-00018,0.0,2026-02-23,SYNBANK-202818,DAY_16,PAID,CREATOR_CONTENT,SRCREF-0000191
PAY-0000192,CRT-00045,0.0,2026-04-12,SYNBANK-507540,DAY_16,PAID,CREATOR_CONTENT,SRCREF-0000192
PAY-0000193,CRT-00035,1055.93,2026-03-25,SYNBANK-396054,MONTH_END,PENDING,OTHER_SERVICE,SRCREF-0000193
PAY-0000194,CRT-00004,0.0,2026-01-29,SYNBANK-038656,DAY_16,PAID,CREATOR_CONTENT,SRCREF-0000194
PAY-0000195,CRT-00056,1035.86,2026-04-30,SYNBANK-625444,MONTH_END,PAID,LIVE_HOST,SRCREF-0000195
PAY-0000196,CRT-00008,1307.69,2026-02-05,SYNBANK-087790,DAY_16,PAID,CREATOR_CONTENT,SRCREF-0000196
PAY-0000197,CRT-00036,0.0,2026-03-26,SYNBANK-403186,DAY_16,PAID,CREATOR_CONTENT,SRCREF-0000197
PAY-0000198,CRT-00034,682.0,2026-03-23,SYNBANK-380175,MONTH_END,PAID,LIVE_HOST,SRCREF-0000198
PAY-0000199,CRT-00083,2330.44,2026-06-17,SYNBANK-933702,DAY_16,PAID,CREATOR_CONTENT,SRCREF-0000199
PAY-0000200,CRT-00074,0.0,2026-06-02,SYNBANK-838652,DAY_16,PAID,CREATOR_CONTENT,SRCREF-0000200
PAY-0000201,CRT-00021,2499.59,2026-03-01,SYNBANK-238278,MONTH_END,REVIEW,OTHER_SERVICE,SRCREF-0000201
PAY-0000202,CRT-00014,1917.79,2026-02-16,SYNBANK-155516,DAY_16,PAID,CREATOR_CONTENT,SRCREF-0000202
PAY-0000203,CRT-00086,1699.35,2026-06-23,SYNBANK-970582,MONTH_END,PENDING,LIVE_HOST,SRCREF-0000203
PAY-0000204,CRT-00002,1731.97,2026-01-25,SYNBANK-017207,DAY_16,PAID,CREATOR_CONTENT,SRCREF-0000204
PAY-0000205,CRT-00050,3015.06,2026-04-20,SYNBANK-563761,DAY_16,PAID,CREATOR_CONTENT,SRCREF-0000205
PAY-0000206,CRT-00058,682.0,2026-05-05,SYNBANK-657403,MONTH_END,PAID,LIVE_HOST,SRCREF-0000206
PAY-0000207,CRT-00058,1541.95,2026-05-04,SYNBANK-652668,MONTH_END,PENDING,LIVE_HOST,SRCREF-0000207
PAY-0000208,CRT-00040,0.0,2026-04-02,SYNBANK-445328,DAY_16,PAID,CREATOR_CONTENT,SRCREF-0000208
PAY-0000209,CRT-00003,0.0,2026-01-26,SYNBANK-024264,DAY_16,PAID,CREATOR_CONTENT,SRCREF-0000209
PAY-0000210,CRT-00008,2936.58,2026-02-05,SYNBANK-083636,MONTH_END,PENDING,LIVE_HOST,SRCREF-0000210
PAY-0000211,CRT-00068,2673.11,2026-05-23,SYNBANK-769716,DAY_16,PAID,CREATOR_CONTENT,SRCREF-0000211
PAY-0000212,CRT-00002,3702.44,2026-01-25,SYNBANK-018287,MONTH_END,PAID,CREATOR_CONTENT,SRCREF-0000212
PAY-0000213,CRT-00079,1592.62,2026-06-10,SYNBANK-889247,DAY_16,PAID,CREATOR_CONTENT,SRCREF-0000213
PAY-0000214,CRT-00058,0.0,2026-05-05,SYNBANK-658979,DAY_16,PAID,CREATOR_CONTENT,SRCREF-0000214
PAY-0000215,CRT-00009,717.58,2026-02-06,SYNBANK-092448,MONTH_END,PAID,LIVE_HOST,SRCREF-0000215
PAY-0000216,CRT-00082,1958.69,2026-06-15,SYNBANK-922440,DAY_16,PAID,CREATOR_CONTENT,SRCREF-0000216
PAY-0000217,CRT-00081,1142.85,2026-06-14,SYNBANK-915116,MONTH_END,PAID,LIVE_HOST,SRCREF-0000217
PAY-0000218,CRT-00078,1659.4,2026-06-09,SYNBANK-879365,MONTH_END,PAID,LIVE_HOST,SRCREF-0000218
PAY-0000219,CRT-00018,2538.87,2026-02-23,SYNBANK-200577,MONTH_END,PENDING,LIVE_HOST,SRCREF-0000219
PAY-0000220,CRT-00007,0.0,2026-02-03,SYNBANK-072916,DAY_16,PAID,CREATOR_CONTENT,SRCREF-0000220
PAY-0000221,CRT-00076,3790.63,2026-06-06,SYNBANK-860781,MONTH_END,PENDING,LIVE_HOST,SRCREF-0000221
PAY-0000222,CRT-00077,743.26,2026-06-07,SYNBANK-866429,MONTH_END,REVIEW,OTHER_SERVICE,SRCREF-0000222
PAY-0000223,CRT-00039,1625.61,2026-03-31,SYNBANK-432026,MONTH_END,PAID,LIVE_HOST,SRCREF-0000223
PAY-0000224,CRT-00030,1350.64,2026-03-15,SYNBANK-331167,DAY_16,PAID,CREATOR_CONTENT,SRCREF-0000224
PAY-0000225,CRT-00004,737.81,2026-01-28,SYNBANK-036561,DAY_16,PAID,CREATOR_CONTENT,SRCREF-0000225
PAY-0000226,CRT-00005,3669.64,2026-01-30,SYNBANK-049857,MONTH_END,PAID,CREATOR_CONTENT,SRCREF-0000226
PAY-0000227,CRT-00023,1161.97,2026-03-04,SYNBANK-260570,MONTH_END,PAID,CREATOR_CONTENT,SRCREF-0000227
PAY-0000228,CRT-00088,682.0,2026-06-27,SYNBANK-993871,MONTH_END,PENDING,OTHER_SERVICE,SRCREF-0000228
PAY-0000229,CRT-00083,0.0,2026-06-18,SYNBANK-941923,DAY_16,PAID,CREATOR_CONTENT,SRCREF-0000229
PAY-0000230,CRT-00055,0.0,2026-04-29,SYNBANK-618797,DAY_16,PAID,CREATOR_CONTENT,SRCREF-0000230
PAY-0000231,CRT-00070,1273.56,2026-05-25,SYNBANK-784651,MONTH_END,REVIEW,OTHER_SERVICE,SRCREF-0000231
PAY-0000232,CRT-00087,682.0,2026-06-24,SYNBANK-978712,MONTH_END,PAID,LIVE_HOST,SRCREF-0000232
PAY-0000233,CRT-00065,998.56,2026-05-17,SYNBANK-737059,MONTH_END,REVIEW,OTHER_SERVICE,SRCREF-0000233
PAY-0000234,CRT-00028,907.4,2026-03-11,SYNBANK-307218,MONTH_END,PAID,LIVE_HOST,SRCREF-0000234
PAY-0000235,CRT-00051,1791.14,2026-04-23,SYNBANK-579459,MONTH_END,PAID,LIVE_HOST,SRCREF-0000235
PAY-0000236,CRT-00067,0.0,2026-05-21,SYNBANK-759251,DAY_16,PAID,CREATOR_CONTENT,SRCREF-0000236
PAY-0000237,CRT-00007,682.0,2026-02-04,SYNBANK-078919,MONTH_END,PAID,LIVE_HOST,SRCREF-0000237
PAY-0000238,CRT-00016,2366.5,2026-02-19,SYNBANK-178971,MONTH_END,PAID,LIVE_HOST,SRCREF-0000238
PAY-0000239,CRT-00059,0.0,2026-05-06,SYNBANK-661597,DAY_16,PAID,CREATOR_CONTENT,SRCREF-0000239
PAY-0000240,CRT-00053,0.0,2026-04-25,SYNBANK-593660,DAY_16,PAID,CREATOR_CONTENT,SRCREF-0000240
PAY-0000241,CRT-00021,5560.45,2026-03-01,SYNBANK-238002,MONTH_END,PENDING,OTHER_SERVICE,SRCREF-0000241
PAY-0000242,CRT-00035,0.0,2026-03-25,SYNBANK-396430,DAY_16,PAID,CREATOR_CONTENT,SRCREF-0000242
PAY-0000243,CRT-00076,1870.79,2026-06-06,SYNBANK-860168,MONTH_END,PAID,CREATOR_CONTENT,SRCREF-0000243
PAY-0000244,CRT-00075,1047.29,2026-06-03,SYNBANK-843975,MONTH_END,PENDING,LIVE_HOST,SRCREF-0000244
PAY-0000245,CRT-00048,682.0,2026-04-18,SYNBANK-545208,MONTH_END,PAID,CREATOR_CONTENT,SRCREF-0000245
PAY-0000246,CRT-00064,5869.84,2026-05-16,SYNBANK-726220,DAY_16,PAID,CREATOR_CONTENT,SRCREF-0000246
PAY-0000247,CRT-00029,6273.96,2026-03-14,SYNBANK-323087,MONTH_END,PAID,CREATOR_CONTENT,SRCREF-0000247
PAY-0000248,CRT-00012,0.0,2026-02-12,SYNBANK-132629,DAY_16,PAID,CREATOR_CONTENT,SRCREF-0000248
PAY-0000249,CRT-00016,1204.8,2026-02-19,SYNBANK-174134,DAY_16,PAID,CREATOR_CONTENT,SRCREF-0000249
PAY-0000250,CRT-00078,0.0,2026-06-10,SYNBANK-886253,DAY_16,PAID,CREATOR_CONTENT,SRCREF-0000250
PAY-0000251,CRT-00068,682.0,2026-05-22,SYNBANK-764315,MONTH_END,PAID,CREATOR_CONTENT,SRCREF-0000251
PAY-0000252,CRT-00074,0.0,2026-06-03,SYNBANK-840158,DAY_16,PAID,CREATOR_CONTENT,SRCREF-0000252
PAY-0000253,CRT-00076,1017.23,2026-06-05,SYNBANK-855997,MONTH_END,PAID,LIVE_HOST,SRCREF-0000253
PAY-0000254,CRT-00013,0.0,2026-02-13,SYNBANK-139175,DAY_16,PAID,CREATOR_CONTENT,SRCREF-0000254
PAY-0000255,CRT-00022,2195.18,2026-03-01,SYNBANK-241324,MONTH_END,PAID,LIVE_HOST,SRCREF-0000255
PAY-0000256,CRT-00047,0.0,2026-04-14,SYNBANK-524960,DAY_16,PAID,CREATOR_CONTENT,SRCREF-0000256
PAY-0000257,CRT-00018,1009.28,2026-02-23,SYNBANK-203166,MONTH_END,REVIEW,OTHER_SERVICE,SRCREF-0000257
PAY-0000258,CRT-00019,2939.7,2026-02-24,SYNBANK-206363,DAY_16,PAID,CREATOR_CONTENT,SRCREF-0000258
PAY-0000259,CRT-00056,0.0,2026-05-01,SYNBANK-634261,DAY_16,PAID,CREATOR_CONTENT,SRCREF-0000259
PAY-0000260,CRT-00030,796.87,2026-03-15,SYNBANK-329550,MONTH_END,PAID,CREATOR_CONTENT,SRCREF-0000260
PAY-0000261,CRT-00032,804.46,2026-03-20,SYNBANK-361616,MONTH_END,PAID,CREATOR_CONTENT,SRCREF-0000261
PAY-0000262,CRT-00030,1245.53,2026-03-15,SYNBANK-333008,MONTH_END,PAID,CREATOR_CONTENT,SRCREF-0000262
PAY-0000263,CRT-00024,0.0,2026-03-05,SYNBANK-264678,DAY_16,PAID,CREATOR_CONTENT,SRCREF-0000263
PAY-0000264,CRT-00035,1866.5,2026-03-25,SYNBANK-393976,DAY_16,PAID,CREATOR_CONTENT,SRCREF-0000264
PAY-0000265,CRT-00018,921.2,2026-02-22,SYNBANK-197088,DAY_16,PAID,CREATOR_CONTENT,SRCREF-0000265
PAY-0000266,CRT-00043,751.1,2026-04-07,SYNBANK-480432,MONTH_END,PENDING,OTHER_SERVICE,SRCREF-0000266
PAY-0000267,CRT-00011,5197.29,2026-02-11,SYNBANK-122952,DAY_16,PAID,CREATOR_CONTENT,SRCREF-0000267
PAY-0000268,CRT-00023,0.0,2026-03-03,SYNBANK-254586,DAY_16,PAID,CREATOR_CONTENT,SRCREF-0000268
PAY-0000269,CRT-00062,1350.67,2026-05-12,SYNBANK-701439,DAY_16,PAID,CREATOR_CONTENT,SRCREF-0000269
PAY-0000270,CRT-00065,1793.58,2026-05-16,SYNBANK-729625,MONTH_END,REVIEW,OTHER_SERVICE,SRCREF-0000270
PAY-0000271,CRT-00087,1850.78,2026-06-24,SYNBANK-978274,DAY_16,PAID,CREATOR_CONTENT,SRCREF-0000271
PAY-0000272,CRT-00032,0.0,2026-03-19,SYNBANK-353312,DAY_16,PAID,CREATOR_CONTENT,SRCREF-0000272
PAY-0000273,CRT-00041,682.0,2026-04-05,SYNBANK-464769,DAY_16,PAID,CREATOR_CONTENT,SRCREF-0000273
PAY-0000274,CRT-00021,1110.28,2026-02-27,SYNBANK-228696,MONTH_END,PAID,LIVE_HOST,SRCREF-0000274
PAY-0000275,CRT-00022,0.0,2026-03-02,SYNBANK-246266,DAY_16,PAID,CREATOR_CONTENT,SRCREF-0000275
PAY-0000276,CRT-00075,3354.82,2026-06-04,SYNBANK-851048,DAY_16,PAID,CREATOR_CONTENT,SRCREF-0000276
PAY-0000277,CRT-00021,1902.2,2026-03-01,SYNBANK-237722,MONTH_END,PAID,LIVE_HOST,SRCREF-0000277
PAY-0000278,CRT-00073,682.0,2026-06-01,SYNBANK-827182,DAY_16,PAID,CREATOR_CONTENT,SRCREF-0000278
PAY-0000279,CRT-00084,2680.45,2026-06-20,SYNBANK-953243,MONTH_END,PAID,CREATOR_CONTENT,SRCREF-0000279
PAY-0000280,CRT-00086,2686.21,2026-06-23,SYNBANK-968893,MONTH_END,PAID,CREATOR_CONTENT,SRCREF-0000280
PAY-0000281,CRT-00036,0.0,2026-03-27,SYNBANK-407200,DAY_16,PAID,CREATOR_CONTENT,SRCREF-0000281
PAY-0000282,CRT-00006,1886.35,2026-02-01,SYNBANK-058916,MONTH_END,PENDING,LIVE_HOST,SRCREF-0000282
PAY-0000283,CRT-00032,1436.96,2026-03-19,SYNBANK-356887,MONTH_END,PENDING,OTHER_SERVICE,SRCREF-0000283
PAY-0000284,CRT-00077,944.49,2026-06-07,SYNBANK-869091,MONTH_END,REVIEW,OTHER_SERVICE,SRCREF-0000284
PAY-0000285,CRT-00065,0.0,2026-05-18,SYNBANK-738011,DAY_16,PAID,CREATOR_CONTENT,SRCREF-0000285
PAY-0000286,CRT-00008,0.0,2026-02-06,SYNBANK-090035,DAY_16,PAID,CREATOR_CONTENT,SRCREF-0000286
PAY-0000287,CRT-00040,1356.0,2026-04-02,SYNBANK-445899,DAY_16,PAID,CREATOR_CONTENT,SRCREF-0000287
PAY-0000288,CRT-00034,0.0,2026-03-23,SYNBANK-380741,DAY_16,PAID,CREATOR_CONTENT,SRCREF-0000288
PAY-0000289,CRT-00052,709.28,2026-04-24,SYNBANK-586292,MONTH_END,PAID,CREATOR_CONTENT,SRCREF-0000289
PAY-0000290,CRT-00054,0.0,2026-04-27,SYNBANK-605807,DAY_16,PAID,CREATOR_CONTENT,SRCREF-0000290
PAY-0000291,CRT-00019,1291.09,2026-02-25,SYNBANK-213261,MONTH_END,PAID,CREATOR_CONTENT,SRCREF-0000291
PAY-0000292,CRT-00054,3343.53,2026-04-28,SYNBANK-610530,MONTH_END,REVIEW,OTHER_SERVICE,SRCREF-0000292
PAY-0000293,CRT-00071,2379.69,2026-05-28,SYNBANK-804005,MONTH_END,PENDING,LIVE_HOST,SRCREF-0000293
PAY-0000294,CRT-00012,682.0,2026-02-11,SYNBANK-126047,MONTH_END,PAID,CREATOR_CONTENT,SRCREF-0000294
PAY-0000295,CRT-00084,3810.97,2026-06-20,SYNBANK-950316,MONTH_END,PENDING,LIVE_HOST,SRCREF-0000295
PAY-0000296,CRT-00014,0.0,2026-02-16,SYNBANK-158876,DAY_16,PAID,CREATOR_CONTENT,SRCREF-0000296
PAY-0000297,CRT-00053,1138.26,2026-04-26,SYNBANK-599792,DAY_16,PAID,CREATOR_CONTENT,SRCREF-0000297
PAY-0000298,CRT-00081,0.0,2026-06-15,SYNBANK-917199,DAY_16,PAID,CREATOR_CONTENT,SRCREF-0000298
PAY-0000299,CRT-00046,2214.41,2026-04-13,SYNBANK-517391,DAY_16,PAID,CREATOR_CONTENT,SRCREF-0000299
PAY-0000300,CRT-00061,3421.79,2026-05-10,SYNBANK-690779,DAY_16,PAID,CREATOR_CONTENT,SRCREF-0000300
PAY-0000301,CRT-00074,0.0,2026-06-02,SYNBANK-838428,DAY_16,PAID,CREATOR_CONTENT,SRCREF-0000301
PAY-0000302,CRT-00082,3025.53,2026-06-15,SYNBANK-921999,MONTH_END,PENDING,OTHER_SERVICE,SRCREF-0000302
PAY-0000303,CRT-00002,1057.35,2026-01-24,SYNBANK-011441,MONTH_END,PAID,CREATOR_CONTENT,SRCREF-0000303
PAY-0000304,CRT-00001,1812.22,2026-01-23,SYNBANK-004315,MONTH_END,PAID,CREATOR_CONTENT,SRCREF-0000304
PAY-0000305,CRT-00073,1075.79,2026-05-30,SYNBANK-818706,MONTH_END,PAID,CREATOR_CONTENT,SRCREF-0000305
PAY-0000306,CRT-00021,0.0,2026-03-01,SYNBANK-238174,DAY_16,PAID,CREATOR_CONTENT,SRCREF-0000306
PAY-0000307,CRT-00037,861.33,2026-03-27,SYNBANK-409893,MONTH_END,PAID,LIVE_HOST,SRCREF-0000307
PAY-0000308,CRT-00022,766.66,2026-03-02,SYNBANK-249362,MONTH_END,PENDING,LIVE_HOST,SRCREF-0000308
PAY-0000309,CRT-00083,2069.43,2026-06-17,SYNBANK-932293,MONTH_END,PAID,LIVE_HOST,SRCREF-0000309
PAY-0000310,CRT-00022,803.85,2026-03-02,SYNBANK-245883,MONTH_END,PAID,LIVE_HOST,SRCREF-0000310
PAY-0000311,CRT-00067,2522.89,2026-05-21,SYNBANK-760264,MONTH_END,REVIEW,OTHER_SERVICE,SRCREF-0000311
PAY-0000312,CRT-00071,682.0,2026-05-28,SYNBANK-803733,MONTH_END,PAID,LIVE_HOST,SRCREF-0000312
PAY-0000313,CRT-00048,2378.31,2026-04-17,SYNBANK-542839,MONTH_END,PENDING,OTHER_SERVICE,SRCREF-0000313
PAY-0000314,CRT-00087,836.77,2026-06-26,SYNBANK-988419,DAY_16,PAID,CREATOR_CONTENT,SRCREF-0000314
PAY-0000315,CRT-00077,0.0,2026-06-08,SYNBANK-874653,DAY_16,PAID,CREATOR_CONTENT,SRCREF-0000315
PAY-0000316,CRT-00060,2207.5,2026-05-07,SYNBANK-672279,DAY_16,PAID,CREATOR_CONTENT,SRCREF-0000316
PAY-0000317,CRT-00076,0.0,2026-06-06,SYNBANK-859212,DAY_16,PAID,CREATOR_CONTENT,SRCREF-0000317
PAY-0000318,CRT-00069,0.0,2026-05-24,SYNBANK-777553,DAY_16,PAID,CREATOR_CONTENT,SRCREF-0000318
PAY-0000319,CRT-00047,1418.32,2026-04-14,SYNBANK-523757,DAY_16,PAID,CREATOR_CONTENT,SRCREF-0000319
PAY-0000320,CRT-00003,0.0,2026-01-27,SYNBANK-029212,DAY_16,PAID,CREATOR_CONTENT,SRCREF-0000320
PAY-0000321,CRT-00057,0.0,2026-05-03,SYNBANK-647238,DAY_16,PAID,CREATOR_CONTENT,SRCREF-0000321
PAY-0000322,CRT-00002,0.0,2026-01-26,SYNBANK-021476,DAY_16,PAID,CREATOR_CONTENT,SRCREF-0000322
PAY-0000323,CRT-00081,1013.95,2026-06-14,SYNBANK-914235,DAY_16,PAID,CREATOR_CONTENT,SRCREF-0000323
PAY-0000324,CRT-00004,0.0,2026-01-29,SYNBANK-044418,DAY_16,PAID,CREATOR_CONTENT,SRCREF-0000324
PAY-0000325,CRT-00020,6324.09,2026-02-26,SYNBANK-219485,MONTH_END,PAID,CREATOR_CONTENT,SRCREF-0000325
PAY-0000326,CRT-00002,0.0,2026-01-25,SYNBANK-014973,DAY_16,PAID,CREATOR_CONTENT,SRCREF-0000326
PAY-0000327,CRT-00032,2315.73,2026-03-19,SYNBANK-353338,MONTH_END,PENDING,LIVE_HOST,SRCREF-0000327
PAY-0000328,CRT-00013,1204.79,2026-02-14,SYNBANK-145188,MONTH_END,PAID,CREATOR_CONTENT,SRCREF-0000328
PAY-0000329,CRT-00034,762.56,2026-03-22,SYNBANK-376283,DAY_16,PAID,CREATOR_CONTENT,SRCREF-0000329
PAY-0000330,CRT-00057,1050.81,2026-05-02,SYNBANK-636503,DAY_16,PAID,CREATOR_CONTENT,SRCREF-0000330
PAY-0000331,CRT-00080,0.0,2026-06-13,SYNBANK-904075,DAY_16,PAID,CREATOR_CONTENT,SRCREF-0000331
PAY-0000332,CRT-00018,682.0,2026-02-22,SYNBANK-197277,DAY_16,PAID,CREATOR_CONTENT,SRCREF-0000332
PAY-0000333,CRT-00076,917.24,2026-06-05,SYNBANK-857730,MONTH_END,PAID,CREATOR_CONTENT,SRCREF-0000333
PAY-0000334,CRT-00067,0.0,2026-05-20,SYNBANK-753830,DAY_16,PAID,CREATOR_CONTENT,SRCREF-0000334
PAY-0000335,CRT-00042,1750.69,2026-04-06,SYNBANK-468175,MONTH_END,PENDING,LIVE_HOST,SRCREF-0000335
PAY-0000336,CRT-00008,682.0,2026-02-05,SYNBANK-089584,MONTH_END,PENDING,OTHER_SERVICE,SRCREF-0000336
PAY-0000337,CRT-00022,777.0,2026-03-02,SYNBANK-249525,DAY_16,PAID,CREATOR_CONTENT,SRCREF-0000337
PAY-0000338,CRT-00076,0.0,2026-06-06,SYNBANK-862219,DAY_16,PAID,CREATOR_CONTENT,SRCREF-0000338
PAY-0000339,CRT-00017,1363.72,2026-02-21,SYNBANK-188776,MONTH_END,PAID,CREATOR_CONTENT,SRCREF-0000339
PAY-0000340,CRT-00059,0.0,2026-05-07,SYNBANK-669860,DAY_16,PAID,CREATOR_CONTENT,SRCREF-0000340
PAY-0000341,CRT-00029,898.86,2026-03-14,SYNBANK-325531,DAY_16,PAID,CREATOR_CONTENT,SRCREF-0000341
PAY-0000342,CRT-00042,0.0,2026-04-06,SYNBANK-468494,DAY_16,PAID,CREATOR_CONTENT,SRCREF-0000342
PAY-0000343,CRT-00009,682.0,2026-02-07,SYNBANK-100350,MONTH_END,PAID,CREATOR_CONTENT,SRCREF-0000343
PAY-0000344,CRT-00041,1254.12,2026-04-04,SYNBANK-455691,MONTH_END,PAID,LIVE_HOST,SRCREF-0000344
PAY-0000345,CRT-00007,2388.89,2026-02-03,SYNBANK-071435,MONTH_END,PENDING,OTHER_SERVICE,SRCREF-0000345
PAY-0000346,CRT-00032,0.0,2026-03-19,SYNBANK-358774,DAY_16,PAID,CREATOR_CONTENT,SRCREF-0000346
PAY-0000347,CRT-00027,1780.22,2026-03-11,SYNBANK-302952,MONTH_END,PAID,CREATOR_CONTENT,SRCREF-0000347
PAY-0000348,CRT-00038,1093.61,2026-03-31,SYNBANK-430230,DAY_16,PAID,CREATOR_CONTENT,SRCREF-0000348
PAY-0000349,CRT-00047,0.0,2026-04-15,SYNBANK-530383,DAY_16,PAID,CREATOR_CONTENT,SRCREF-0000349
PAY-0000350,CRT-00067,1779.34,2026-05-20,SYNBANK-755484,MONTH_END,PAID,CREATOR_CONTENT,SRCREF-0000350
PAY-0000351,CRT-00005,0.0,2026-01-30,SYNBANK-048711,DAY_16,PAID,CREATOR_CONTENT,SRCREF-0000351
PAY-0000352,CRT-00003,5175.8,2026-01-26,SYNBANK-024296,MONTH_END,PAID,LIVE_HOST,SRCREF-0000352
PAY-0000353,CRT-00040,1106.04,2026-04-02,SYNBANK-445308,MONTH_END,PENDING,LIVE_HOST,SRCREF-0000353
PAY-0000354,CRT-00027,0.0,2026-03-11,SYNBANK-302430,DAY_16,PAID,CREATOR_CONTENT,SRCREF-0000354
PAY-0000355,CRT-00001,682.0,2026-01-23,SYNBANK-005132,MONTH_END,PENDING,OTHER_SERVICE,SRCREF-0000355
PAY-0000356,CRT-00028,2554.26,2026-03-13,SYNBANK-314560,DAY_16,PAID,CREATOR_CONTENT,SRCREF-0000356
PAY-0000357,CRT-00064,4863.98,2026-05-14,SYNBANK-717406,MONTH_END,PAID,LIVE_HOST,SRCREF-0000357
PAY-0000358,CRT-00085,0.0,2026-06-22,SYNBANK-964958,DAY_16,PAID,CREATOR_CONTENT,SRCREF-0000358
PAY-0000359,CRT-00032,0.0,2026-03-20,SYNBANK-359380,DAY_16,PAID,CREATOR_CONTENT,SRCREF-0000359
PAY-0000360,CRT-00060,3075.18,2026-05-08,SYNBANK-678742,MONTH_END,PAID,CREATOR_CONTENT,SRCREF-0000360
PAY-0000361,CRT-00040,728.86,2026-04-02,SYNBANK-448712,MONTH_END,PAID,LIVE_HOST,SRCREF-0000361
PAY-0000362,CRT-00086,0.0,2026-06-23,SYNBANK-969284,DAY_16,PAID,CREATOR_CONTENT,SRCREF-0000362
PAY-0000363,CRT-00014,4025.24,2026-02-16,SYNBANK-157830,MONTH_END,PAID,LIVE_HOST,SRCREF-0000363
PAY-0000364,CRT-00008,1851.77,2026-02-05,SYNBANK-086099,MONTH_END,PENDING,OTHER_SERVICE,SRCREF-0000364
PAY-0000365,CRT-00003,0.0,2026-01-27,SYNBANK-029617,DAY_16,PAID,CREATOR_CONTENT,SRCREF-0000365
PAY-0000366,CRT-00027,3966.09,2026-03-11,SYNBANK-301537,MONTH_END,PENDING,OTHER_SERVICE,SRCREF-0000366
PAY-0000367,CRT-00084,1052.24,2026-06-20,SYNBANK-952819,MONTH_END,PAID,LIVE_HOST,SRCREF-0000367
PAY-0000368,CRT-00033,4362.1,2026-03-21,SYNBANK-368435,MONTH_END,PENDING,OTHER_SERVICE,SRCREF-0000368
PAY-0000369,CRT-00019,1160.02,2026-02-25,SYNBANK-215544,MONTH_END,PAID,LIVE_HOST,SRCREF-0000369
PAY-0000370,CRT-00009,1717.58,2026-02-07,SYNBANK-101441,MONTH_END,PAID,CREATOR_CONTENT,SRCREF-0000370
PAY-0000371,CRT-00074,0.0,2026-06-03,SYNBANK-840401,DAY_16,PAID,CREATOR_CONTENT,SRCREF-0000371
PAY-0000372,CRT-00081,2205.91,2026-06-14,SYNBANK-913762,MONTH_END,PAID,CREATOR_CONTENT,SRCREF-0000372
PAY-0000373,CRT-00026,0.0,2026-03-09,SYNBANK-294734,DAY_16,PAID,CREATOR_CONTENT,SRCREF-0000373
PAY-0000374,CRT-00053,1383.78,2026-04-26,SYNBANK-601225,MONTH_END,PAID,LIVE_HOST,SRCREF-0000374
PAY-0000375,CRT-00005,2243.68,2026-01-30,SYNBANK-047817,MONTH_END,PAID,CREATOR_CONTENT,SRCREF-0000375
PAY-0000376,CRT-00033,0.0,2026-03-20,SYNBANK-364049,DAY_16,PAID,CREATOR_CONTENT,SRCREF-0000376
PAY-0000377,CRT-00085,1703.53,2026-06-22,SYNBANK-964851,DAY_16,PAID,CREATOR_CONTENT,SRCREF-0000377
PAY-0000378,CRT-00007,1641.02,2026-02-04,SYNBANK-077080,MONTH_END,PAID,CREATOR_CONTENT,SRCREF-0000378
PAY-0000379,CRT-00036,760.18,2026-03-26,SYNBANK-398251,DAY_16,PAID,CREATOR_CONTENT,SRCREF-0000379
PAY-0000380,CRT-00062,0.0,2026-05-11,SYNBANK-694529,DAY_16,PAID,CREATOR_CONTENT,SRCREF-0000380
PAY-0000381,CRT-00085,1149.58,2026-06-21,SYNBANK-960382,DAY_16,PAID,CREATOR_CONTENT,SRCREF-0000381
PAY-0000382,CRT-00023,5043.94,2026-03-03,SYNBANK-254258,DAY_16,PAID,CREATOR_CONTENT,SRCREF-0000382
PAY-0000383,CRT-00086,0.0,2026-06-24,SYNBANK-976623,DAY_16,PAID,CREATOR_CONTENT,SRCREF-0000383
PAY-0000384,CRT-00006,1614.85,2026-02-01,SYNBANK-060161,MONTH_END,PAID,LIVE_HOST,SRCREF-0000384
PAY-0000385,CRT-00047,1108.58,2026-04-15,SYNBANK-531566,MONTH_END,PENDING,LIVE_HOST,SRCREF-0000385
PAY-0000386,CRT-00081,0.0,2026-06-14,SYNBANK-913462,DAY_16,PAID,CREATOR_CONTENT,SRCREF-0000386
PAY-0000387,CRT-00023,682.0,2026-03-04,SYNBANK-257971,DAY_16,PAID,CREATOR_CONTENT,SRCREF-0000387
PAY-0000388,CRT-00019,682.0,2026-02-23,SYNBANK-204736,MONTH_END,PENDING,LIVE_HOST,SRCREF-0000388
PAY-0000389,CRT-00019,682.0,2026-02-24,SYNBANK-205375,MONTH_END,PAID,CREATOR_CONTENT,SRCREF-0000389
PAY-0000390,CRT-00067,0.0,2026-05-21,SYNBANK-761294,DAY_16,PAID,CREATOR_CONTENT,SRCREF-0000390
PAY-0000391,CRT-00082,0.0,2026-06-16,SYNBANK-926509,DAY_16,PAID,CREATOR_CONTENT,SRCREF-0000391
PAY-0000392,CRT-00039,0.0,2026-04-01,SYNBANK-437807,DAY_16,PAID,CREATOR_CONTENT,SRCREF-0000392
PAY-0000393,CRT-00047,0.0,2026-04-15,SYNBANK-531570,DAY_16,PAID,CREATOR_CONTENT,SRCREF-0000393
PAY-0000394,CRT-00014,1167.86,2026-02-15,SYNBANK-148917,MONTH_END,PAID,LIVE_HOST,SRCREF-0000394
PAY-0000395,CRT-00083,0.0,2026-06-17,SYNBANK-932568,DAY_16,PAID,CREATOR_CONTENT,SRCREF-0000395
PAY-0000396,CRT-00058,986.67,2026-05-05,SYNBANK-656230,MONTH_END,PAID,LIVE_HOST,SRCREF-0000396
PAY-0000397,CRT-00061,0.0,2026-05-09,SYNBANK-683037,DAY_16,PAID,CREATOR_CONTENT,SRCREF-0000397
PAY-0000398,CRT-00035,3175.76,2026-03-24,SYNBANK-388814,MONTH_END,PENDING,LIVE_HOST,SRCREF-0000398
PAY-0000399,CRT-00026,1352.2,2026-03-09,SYNBANK-290627,MONTH_END,PENDING,LIVE_HOST,SRCREF-0000399
PAY-0000400,CRT-00027,0.0,2026-03-11,SYNBANK-301944,DAY_16,PAID,CREATOR_CONTENT,SRCREF-0000400
PAY-0000401,CRT-00055,682.0,2026-04-30,SYNBANK-624057,DAY_16,PAID,CREATOR_CONTENT,SRCREF-0000401
PAY-0000402,CRT-00084,2729.08,2026-06-20,SYNBANK-951774,MONTH_END,REVIEW,OTHER_SERVICE,SRCREF-0000402
PAY-0000403,CRT-00067,0.0,2026-05-20,SYNBANK-754467,DAY_16,PAID,CREATOR_CONTENT,SRCREF-0000403
PAY-0000404,CRT-00040,0.0,2026-04-03,SYNBANK-449075,DAY_16,PAID,CREATOR_CONTENT,SRCREF-0000404
PAY-0000405,CRT-00063,0.0,2026-05-12,SYNBANK-704623,DAY_16,PAID,CREATOR_CONTENT,SRCREF-0000405
PAY-0000406,CRT-00073,0.0,2026-06-01,SYNBANK-827246,DAY_16,PAID,CREATOR_CONTENT,SRCREF-0000406
PAY-0000407,CRT-00027,2727.71,2026-03-11,SYNBANK-305702,DAY_16,PAID,CREATOR_CONTENT,SRCREF-0000407
PAY-0000408,CRT-00036,2577.12,2026-03-27,SYNBANK-406167,DAY_16,PAID,CREATOR_CONTENT,SRCREF-0000408
PAY-0000409,CRT-00066,2087.39,2026-05-19,SYNBANK-746921,DAY_16,PAID,CREATOR_CONTENT,SRCREF-0000409
PAY-0000410,CRT-00038,1774.4,2026-03-29,SYNBANK-420509,MONTH_END,PAID,LIVE_HOST,SRCREF-0000410
PAY-0000411,CRT-00049,2032.09,2026-04-18,SYNBANK-550729,MONTH_END,PAID,LIVE_HOST,SRCREF-0000411
PAY-0000412,CRT-00068,0.0,2026-05-22,SYNBANK-763981,DAY_16,PAID,CREATOR_CONTENT,SRCREF-0000412
PAY-0000413,CRT-00069,1652.51,2026-05-25,SYNBANK-783044,DAY_16,PAID,CREATOR_CONTENT,SRCREF-0000413
PAY-0000414,CRT-00079,1010.64,2026-06-11,SYNBANK-892870,MONTH_END,PAID,CREATOR_CONTENT,SRCREF-0000414
PAY-0000415,CRT-00055,4627.05,2026-04-29,SYNBANK-618024,MONTH_END,PENDING,OTHER_SERVICE,SRCREF-0000415
PAY-0000416,CRT-00016,716.37,2026-02-19,SYNBANK-176799,MONTH_END,PENDING,OTHER_SERVICE,SRCREF-0000416
PAY-0000417,CRT-00080,0.0,2026-06-12,SYNBANK-902505,DAY_16,PAID,CREATOR_CONTENT,SRCREF-0000417
PAY-0000418,CRT-00022,0.0,2026-03-01,SYNBANK-241304,DAY_16,PAID,CREATOR_CONTENT,SRCREF-0000418
PAY-0000419,CRT-00015,1048.63,2026-02-17,SYNBANK-163993,DAY_16,PAID,CREATOR_CONTENT,SRCREF-0000419
PAY-0000420,CRT-00078,0.0,2026-06-08,SYNBANK-877449,DAY_16,PAID,CREATOR_CONTENT,SRCREF-0000420
PAY-0000421,CRT-00082,0.0,2026-06-16,SYNBANK-923236,DAY_16,PAID,CREATOR_CONTENT,SRCREF-0000421
PAY-0000422,CRT-00035,1244.49,2026-03-25,SYNBANK-392066,MONTH_END,PENDING,LIVE_HOST,SRCREF-0000422
PAY-0000423,CRT-00002,0.0,2026-01-25,SYNBANK-014795,DAY_16,PAID,CREATOR_CONTENT,SRCREF-0000423
PAY-0000424,CRT-00048,0.0,2026-04-16,SYNBANK-536604,DAY_16,PAID,CREATOR_CONTENT,SRCREF-0000424
PAY-0000425,CRT-00080,1620.19,2026-06-13,SYNBANK-909036,MONTH_END,PENDING,OTHER_SERVICE,SRCREF-0000425
PAY-0000426,CRT-00038,0.0,2026-03-29,SYNBANK-421902,DAY_16,PAID,CREATOR_CONTENT,SRCREF-0000426
PAY-0000427,CRT-00033,1464.84,2026-03-21,SYNBANK-371734,MONTH_END,PAID,LIVE_HOST,SRCREF-0000427
PAY-0000428,CRT-00015,0.0,2026-02-17,SYNBANK-164089,DAY_16,PAID,CREATOR_CONTENT,SRCREF-0000428
PAY-0000429,CRT-00017,1151.96,2026-02-21,SYNBANK-187238,MONTH_END,PAID,CREATOR_CONTENT,SRCREF-0000429
PAY-0000430,CRT-00065,0.0,2026-05-17,SYNBANK-733231,DAY_16,PAID,CREATOR_CONTENT,SRCREF-0000430
PAY-0000431,CRT-00018,975.94,2026-02-22,SYNBANK-193227,MONTH_END,REVIEW,OTHER_SERVICE,SRCREF-0000431
PAY-0000432,CRT-00035,0.0,2026-03-24,SYNBANK-387834,DAY_16,PAID,CREATOR_CONTENT,SRCREF-0000432
PAY-0000433,CRT-00071,682.0,2026-05-28,SYNBANK-801451,MONTH_END,PAID,CREATOR_CONTENT,SRCREF-0000433
PAY-0000434,CRT-00062,831.85,2026-05-12,SYNBANK-700147,MONTH_END,PENDING,OTHER_SERVICE,SRCREF-0000434
PAY-0000435,CRT-00068,2382.17,2026-05-21,SYNBANK-762397,DAY_16,PAID,CREATOR_CONTENT,SRCREF-0000435
PAY-0000436,CRT-00062,2464.47,2026-05-12,SYNBANK-702768,MONTH_END,REVIEW,OTHER_SERVICE,SRCREF-0000436
PAY-0000437,CRT-00040,1126.61,2026-04-03,SYNBANK-453988,DAY_16,PAID,CREATOR_CONTENT,SRCREF-0000437
PAY-0000438,CRT-00069,829.44,2026-05-25,SYNBANK-783959,DAY_16,PAID,CREATOR_CONTENT,SRCREF-0000438
PAY-0000439,CRT-00072,0.0,2026-05-28,SYNBANK-807074,DAY_16,PAID,CREATOR_CONTENT,SRCREF-0000439
PAY-0000440,CRT-00025,682.0,2026-03-06,SYNBANK-275017,MONTH_END,PENDING,OTHER_SERVICE,SRCREF-0000440
PAY-0000441,CRT-00059,0.0,2026-05-07,SYNBANK-668591,DAY_16,PAID,CREATOR_CONTENT,SRCREF-0000441
PAY-0000442,CRT-00078,1520.94,2026-06-10,SYNBANK-885169,MONTH_END,REVIEW,OTHER_SERVICE,SRCREF-0000442
PAY-0000443,CRT-00079,935.56,2026-06-11,SYNBANK-891028,MONTH_END,REVIEW,OTHER_SERVICE,SRCREF-0000443
PAY-0000444,CRT-00087,682.0,2026-06-25,SYNBANK-981444,MONTH_END,PENDING,LIVE_HOST,SRCREF-0000444
PAY-0000445,CRT-00082,0.0,2026-06-16,SYNBANK-928522,DAY_16,PAID,CREATOR_CONTENT,SRCREF-0000445
PAY-0000446,CRT-00066,4137.26,2026-05-18,SYNBANK-739413,MONTH_END,PAID,LIVE_HOST,SRCREF-0000446
PAY-0000447,CRT-00078,1785.28,2026-06-08,SYNBANK-877773,DAY_16,PAID,CREATOR_CONTENT,SRCREF-0000447
PAY-0000448,CRT-00028,0.0,2026-03-13,SYNBANK-316593,DAY_16,PAID,CREATOR_CONTENT,SRCREF-0000448
PAY-0000449,CRT-00044,1954.82,2026-04-09,SYNBANK-492803,MONTH_END,PENDING,LIVE_HOST,SRCREF-0000449
PAY-0000450,CRT-00044,2030.52,2026-04-09,SYNBANK-488880,MONTH_END,PENDING,LIVE_HOST,SRCREF-0000450
PAY-0000451,CRT-00085,696.49,2026-06-21,SYNBANK-957847,DAY_16,PAID,CREATOR_CONTENT,SRCREF-0000451
PAY-0000452,CRT-00057,0.0,2026-05-02,SYNBANK-640456,DAY_16,PAID,CREATOR_CONTENT,SRCREF-0000452
PAY-0000453,CRT-00081,682.0,2026-06-14,SYNBANK-910614,MONTH_END,PAID,LIVE_HOST,SRCREF-0000453
PAY-0000454,CRT-00047,682.0,2026-04-14,SYNBANK-523348,DAY_16,PAID,CREATOR_CONTENT,SRCREF-0000454
PAY-0000455,CRT-00066,0.0,2026-05-19,SYNBANK-747907,DAY_16,PAID,CREATOR_CONTENT,SRCREF-0000455
PAY-0000456,CRT-00082,1577.38,2026-06-16,SYNBANK-926623,MONTH_END,PAID,CREATOR_CONTENT,SRCREF-0000456
PAY-0000457,CRT-00058,0.0,2026-05-05,SYNBANK-657749,DAY_16,PAID,CREATOR_CONTENT,SRCREF-0000457
PAY-0000458,CRT-00011,682.0,2026-02-10,SYNBANK-116696,MONTH_END,PENDING,LIVE_HOST,SRCREF-0000458
PAY-0000459,CRT-00044,682.0,2026-04-10,SYNBANK-497356,MONTH_END,PAID,CREATOR_CONTENT,SRCREF-0000459
PAY-0000460,CRT-00006,2428.32,2026-02-01,SYNBANK-061153,MONTH_END,PAID,CREATOR_CONTENT,SRCREF-0000460
PAY-0000461,CRT-00012,0.0,2026-02-13,SYNBANK-135058,DAY_16,PAID,CREATOR_CONTENT,SRCREF-0000461
PAY-0000462,CRT-00087,3139.97,2026-06-25,SYNBANK-983213,MONTH_END,PENDING,LIVE_HOST,SRCREF-0000462
PAY-0000463,CRT-00062,943.98,2026-05-11,SYNBANK-698299,DAY_16,PAID,CREATOR_CONTENT,SRCREF-0000463
PAY-0000464,CRT-00065,0.0,2026-05-17,SYNBANK-734673,DAY_16,PAID,CREATOR_CONTENT,SRCREF-0000464
PAY-0000465,CRT-00037,1349.77,2026-03-28,SYNBANK-415710,MONTH_END,PENDING,OTHER_SERVICE,SRCREF-0000465
PAY-0000466,CRT-00086,2662.71,2026-06-23,SYNBANK-972894,MONTH_END,PAID,LIVE_HOST,SRCREF-0000466
PAY-0000467,CRT-00020,711.05,2026-02-25,SYNBANK-217578,MONTH_END,PENDING,LIVE_HOST,SRCREF-0000467
PAY-0000468,CRT-00069,0.0,2026-05-24,SYNBANK-777922,DAY_16,PAID,CREATOR_CONTENT,SRCREF-0000468
PAY-0000469,CRT-00016,1529.15,2026-02-20,SYNBANK-180496,MONTH_END,PENDING,LIVE_HOST,SRCREF-0000469
PAY-0000470,CRT-00066,1242.89,2026-05-19,SYNBANK-747958,MONTH_END,PENDING,LIVE_HOST,SRCREF-0000470
PAY-0000471,CRT-00059,0.0,2026-05-05,SYNBANK-659625,DAY_16,PAID,CREATOR_CONTENT,SRCREF-0000471
PAY-0000472,CRT-00026,0.0,2026-03-09,SYNBANK-289089,DAY_16,PAID,CREATOR_CONTENT,SRCREF-0000472
PAY-0000473,CRT-00021,0.0,2026-02-28,SYNBANK-231300,DAY_16,PAID,CREATOR_CONTENT,SRCREF-0000473
PAY-0000474,CRT-00058,1478.36,2026-05-05,SYNBANK-658993,DAY_16,PAID,CREATOR_CONTENT,SRCREF-0000474
PAY-0000475,CRT-00037,2045.87,2026-03-28,SYNBANK-414738,MONTH_END,PENDING,OTHER_SERVICE,SRCREF-0000475
PAY-0000476,CRT-00068,2913.85,2026-05-22,SYNBANK-764605,DAY_16,PAID,CREATOR_CONTENT,SRCREF-0000476
PAY-0000477,CRT-00003,0.0,2026-01-26,SYNBANK-023069,DAY_16,PAID,CREATOR_CONTENT,SRCREF-0000477
PAY-0000478,CRT-00027,1114.4,2026-03-10,SYNBANK-298088,MONTH_END,REVIEW,OTHER_SERVICE,SRCREF-0000478
PAY-0000479,CRT-00012,941.08,2026-02-12,SYNBANK-130148,MONTH_END,PAID,CREATOR_CONTENT,SRCREF-0000479
PAY-0000480,CRT-00020,0.0,2026-02-26,SYNBANK-222179,DAY_16,PAID,CREATOR_CONTENT,SRCREF-0000480
PAY-0000481,CRT-00036,1890.61,2026-03-27,SYNBANK-406862,MONTH_END,PAID,CREATOR_CONTENT,SRCREF-0000481
PAY-0000482,CRT-00084,3925.26,2026-06-19,SYNBANK-947978,DAY_16,PAID,CREATOR_CONTENT,SRCREF-0000482
PAY-0000483,CRT-00035,1719.69,2026-03-25,SYNBANK-397383,DAY_16,PAID,CREATOR_CONTENT,SRCREF-0000483
PAY-0000484,CRT-00020,682.0,2026-02-25,SYNBANK-217492,DAY_16,PAID,CREATOR_CONTENT,SRCREF-0000484
PAY-0000485,CRT-00085,0.0,2026-06-22,SYNBANK-961863,DAY_16,PAID,CREATOR_CONTENT,SRCREF-0000485
PAY-0000486,CRT-00045,0.0,2026-04-11,SYNBANK-503518,DAY_16,PAID,CREATOR_CONTENT,SRCREF-0000486
PAY-0000487,CRT-00029,3408.65,2026-03-14,SYNBANK-324297,MONTH_END,PAID,LIVE_HOST,SRCREF-0000487
PAY-0000488,CRT-00072,2105.37,2026-05-29,SYNBANK-813342,MONTH_END,PAID,CREATOR_CONTENT,SRCREF-0000488
PAY-0000489,CRT-00061,1224.27,2026-05-10,SYNBANK-690789,DAY_16,PAID,CREATOR_CONTENT,SRCREF-0000489
PAY-0000490,CRT-00057,1326.99,2026-05-02,SYNBANK-637450,MONTH_END,PENDING,OTHER_SERVICE,SRCREF-0000490
PAY-0000491,CRT-00017,0.0,2026-02-20,SYNBANK-182906,DAY_16,PAID,CREATOR_CONTENT,SRCREF-0000491
PAY-0000492,CRT-00028,0.0,2026-03-13,SYNBANK-316736,DAY_16,PAID,CREATOR_CONTENT,SRCREF-0000492
PAY-0000493,CRT-00026,1078.75,2026-03-08,SYNBANK-285892,DAY_16,PAID,CREATOR_CONTENT,SRCREF-0000493
PAY-0000494,CRT-00055,2626.64,2026-04-29,SYNBANK-615523,DAY_16,PAID,CREATOR_CONTENT,SRCREF-0000494
PAY-0000495,CRT-00053,787.32,2026-04-25,SYNBANK-595720,DAY_16,PAID,CREATOR_CONTENT,SRCREF-0000495
PAY-0000496,CRT-00008,2378.44,2026-02-05,SYNBANK-085084,MONTH_END,PAID,LIVE_HOST,SRCREF-0000496
PAY-0000497,CRT-00029,1972.08,2026-03-14,SYNBANK-322813,MONTH_END,PENDING,LIVE_HOST,SRCREF-0000497
PAY-0000498,CRT-00032,1582.84,2026-03-20,SYNBANK-363479,DAY_16,PAID,CREATOR_CONTENT,SRCREF-0000498
PAY-0000499,CRT-00085,0.0,2026-06-21,SYNBANK-955320,DAY_16,PAID,CREATOR_CONTENT,SRCREF-0000499
PAY-0000500,CRT-00008,867.49,2026-02-05,SYNBANK-086151,MONTH_END,PAID,LIVE_HOST,SRCREF-0000500
PAY-0000501,CRT-00053,5760.73,2026-04-25,SYNBANK-595329,MONTH_END,PENDING,LIVE_HOST,SRCREF-0000501
PAY-0000502,CRT-00052,682.0,2026-04-25,SYNBANK-590127,MONTH_END,PENDING,OTHER_SERVICE,SRCREF-0000502
PAY-0000503,CRT-00032,1106.64,2026-03-20,SYNBANK-362106,MONTH_END,PENDING,OTHER_SERVICE,SRCREF-0000503
PAY-0000504,CRT-00003,0.0,2026-01-26,SYNBANK-023022,DAY_16,PAID,CREATOR_CONTENT,SRCREF-0000504
PAY-0000505,CRT-00017,5666.22,2026-02-22,SYNBANK-192563,MONTH_END,REVIEW,OTHER_SERVICE,SRCREF-0000505
PAY-0000506,CRT-00063,0.0,2026-05-14,SYNBANK-711662,DAY_16,PAID,CREATOR_CONTENT,SRCREF-0000506
PAY-0000507,CRT-00039,2942.71,2026-04-01,SYNBANK-437210,MONTH_END,PAID,LIVE_HOST,SRCREF-0000507
PAY-0000508,CRT-00020,0.0,2026-02-27,SYNBANK-226383,DAY_16,PAID,CREATOR_CONTENT,SRCREF-0000508
PAY-0000509,CRT-00031,3107.92,2026-03-18,SYNBANK-351484,MONTH_END,PAID,LIVE_HOST,SRCREF-0000509
PAY-0000510,CRT-00061,0.0,2026-05-10,SYNBANK-686812,DAY_16,PAID,CREATOR_CONTENT,SRCREF-0000510
PAY-0000511,CRT-00028,4760.79,2026-03-12,SYNBANK-312245,MONTH_END,PAID,CREATOR_CONTENT,SRCREF-0000511
PAY-0000512,CRT-00006,1265.39,2026-02-01,SYNBANK-062147,MONTH_END,PAID,CREATOR_CONTENT,SRCREF-0000512
PAY-0000513,CRT-00042,2943.97,2026-04-06,SYNBANK-472295,MONTH_END,PENDING,LIVE_HOST,SRCREF-0000513
PAY-0000514,CRT-00087,2381.35,2026-06-25,SYNBANK-985664,DAY_16,PAID,CREATOR_CONTENT,SRCREF-0000514
PAY-0000515,CRT-00046,682.0,2026-04-12,SYNBANK-512059,MONTH_END,PAID,CREATOR_CONTENT,SRCREF-0000515
PAY-0000516,CRT-00028,0.0,2026-03-12,SYNBANK-311363,DAY_16,PAID,CREATOR_CONTENT,SRCREF-0000516
PAY-0000517,CRT-00042,1670.45,2026-04-06,SYNBANK-470011,DAY_16,PAID,CREATOR_CONTENT,SRCREF-0000517
PAY-0000518,CRT-00006,0.0,2026-02-02,SYNBANK-066174,DAY_16,PAID,CREATOR_CONTENT,SRCREF-0000518
PAY-0000519,CRT-00020,1110.47,2026-02-26,SYNBANK-222216,MONTH_END,PAID,CREATOR_CONTENT,SRCREF-0000519
PAY-0000520,CRT-00049,0.0,2026-04-18,SYNBANK-550419,DAY_16,PAID,CREATOR_CONTENT,SRCREF-0000520
PAY-0000521,CRT-00016,1167.01,2026-02-19,SYNBANK-175644,MONTH_END,PENDING,OTHER_SERVICE,SRCREF-0000521
PAY-0000522,CRT-00050,2801.33,2026-04-20,SYNBANK-558401,MONTH_END,PENDING,LIVE_HOST,SRCREF-0000522
PAY-0000523,CRT-00040,3670.33,2026-04-03,SYNBANK-452797,MONTH_END,PENDING,LIVE_HOST,SRCREF-0000523
PAY-0000524,CRT-00054,1577.64,2026-04-28,SYNBANK-609310,MONTH_END,PAID,CREATOR_CONTENT,SRCREF-0000524
PAY-0000525,CRT-00026,2085.44,2026-03-09,SYNBANK-290872,MONTH_END,PENDING,LIVE_HOST,SRCREF-0000525
PAY-0000526,CRT-00027,2020.74,2026-03-10,SYNBANK-299425,DAY_16,PAID,CREATOR_CONTENT,SRCREF-0000526
PAY-0000527,CRT-00036,867.49,2026-03-27,SYNBANK-407469,MONTH_END,PENDING,LIVE_HOST,SRCREF-0000527
PAY-0000528,CRT-00039,0.0,2026-03-31,SYNBANK-432812,DAY_16,PAID,CREATOR_CONTENT,SRCREF-0000528
PAY-0000529,CRT-00052,0.0,2026-04-24,SYNBANK-587923,DAY_16,PAID,CREATOR_CONTENT,SRCREF-0000529
PAY-0000530,CRT-00036,682.0,2026-03-27,SYNBANK-404167,MONTH_END,PAID,LIVE_HOST,SRCREF-0000530
PAY-0000531,CRT-00078,887.59,2026-06-09,SYNBANK-879901,MONTH_END,PAID,LIVE_HOST,SRCREF-0000531
PAY-0000532,CRT-00080,2771.36,2026-06-13,SYNBANK-905371,MONTH_END,PAID,LIVE_HOST,SRCREF-0000532
PAY-0000533,CRT-00035,1722.18,2026-03-24,SYNBANK-387895,DAY_16,PAID,CREATOR_CONTENT,SRCREF-0000533
PAY-0000534,CRT-00035,0.0,2026-03-26,SYNBANK-397485,DAY_16,PAID,CREATOR_CONTENT,SRCREF-0000534
PAY-0000535,CRT-00076,0.0,2026-06-06,SYNBANK-863003,DAY_16,PAID,CREATOR_CONTENT,SRCREF-0000535
PAY-0000536,CRT-00021,2377.83,2026-02-28,SYNBANK-233510,DAY_16,PAID,CREATOR_CONTENT,SRCREF-0000536
PAY-0000537,CRT-00040,2182.94,2026-04-02,SYNBANK-444261,MONTH_END,PAID,LIVE_HOST,SRCREF-0000537
PAY-0000538,CRT-00040,0.0,2026-04-02,SYNBANK-447337,DAY_16,PAID,CREATOR_CONTENT,SRCREF-0000538
PAY-0000539,CRT-00027,1379.25,2026-03-11,SYNBANK-303261,MONTH_END,PAID,CREATOR_CONTENT,SRCREF-0000539
PAY-0000540,CRT-00086,0.0,2026-06-24,SYNBANK-976319,DAY_16,PAID,CREATOR_CONTENT,SRCREF-0000540
PAY-0000541,CRT-00086,0.0,2026-06-22,SYNBANK-967324,DAY_16,PAID,CREATOR_CONTENT,SRCREF-0000541
PAY-0000542,CRT-00044,0.0,2026-04-09,SYNBANK-493205,DAY_16,PAID,CREATOR_CONTENT,SRCREF-0000542
PAY-0000543,CRT-00037,0.0,2026-03-27,SYNBANK-410112,DAY_16,PAID,CREATOR_CONTENT,SRCREF-0000543
PAY-0000544,CRT-00012,5099.39,2026-02-12,SYNBANK-133374,MONTH_END,PAID,CREATOR_CONTENT,SRCREF-0000544
PAY-0000545,CRT-00036,2450.13,2026-03-27,SYNBANK-407077,MONTH_END,PAID,CREATOR_CONTENT,SRCREF-0000545
PAY-0000546,CRT-00035,1352.23,2026-03-24,SYNBANK-387924,DAY_16,PAID,CREATOR_CONTENT,SRCREF-0000546
PAY-0000547,CRT-00027,3209.66,2026-03-11,SYNBANK-304330,DAY_16,PAID,CREATOR_CONTENT,SRCREF-0000547
PAY-0000548,CRT-00064,2947.9,2026-05-15,SYNBANK-723942,MONTH_END,PAID,CREATOR_CONTENT,SRCREF-0000548
PAY-0000549,CRT-00002,1481.1,2026-01-26,SYNBANK-021537,MONTH_END,REVIEW,OTHER_SERVICE,SRCREF-0000549
PAY-0000550,CRT-00005,1585.85,2026-01-30,SYNBANK-049434,MONTH_END,PAID,CREATOR_CONTENT,SRCREF-0000550
PAY-0000551,CRT-00068,3491.73,2026-05-22,SYNBANK-766511,DAY_16,PAID,CREATOR_CONTENT,SRCREF-0000551
PAY-0000552,CRT-00033,3654.58,2026-03-22,SYNBANK-373427,DAY_16,PAID,CREATOR_CONTENT,SRCREF-0000552
PAY-0000553,CRT-00083,2752.38,2026-06-17,SYNBANK-932908,MONTH_END,PAID,CREATOR_CONTENT,SRCREF-0000553
PAY-0000554,CRT-00062,1737.6,2026-05-11,SYNBANK-698234,MONTH_END,PAID,LIVE_HOST,SRCREF-0000554
PAY-0000555,CRT-00058,682.0,2026-05-04,SYNBANK-650996,MONTH_END,PAID,CREATOR_CONTENT,SRCREF-0000555
PAY-0000556,CRT-00031,1045.94,2026-03-17,SYNBANK-341161,DAY_16,PAID,CREATOR_CONTENT,SRCREF-0000556
PAY-0000557,CRT-00016,1888.53,2026-02-20,SYNBANK-179705,DAY_16,PAID,CREATOR_CONTENT,SRCREF-0000557
PAY-0000558,CRT-00051,2124.35,2026-04-22,SYNBANK-573748,DAY_16,PAID,CREATOR_CONTENT,SRCREF-0000558
PAY-0000559,CRT-00066,682.0,2026-05-18,SYNBANK-742056,DAY_16,PAID,CREATOR_CONTENT,SRCREF-0000559
PAY-0000560,CRT-00058,1528.59,2026-05-04,SYNBANK-649433,MONTH_END,PAID,CREATOR_CONTENT,SRCREF-0000560
PAY-0000561,CRT-00081,1612.48,2026-06-14,SYNBANK-911853,MONTH_END,PAID,CREATOR_CONTENT,SRCREF-0000561
PAY-0000562,CRT-00011,1086.13,2026-02-11,SYNBANK-122968,MONTH_END,PAID,CREATOR_CONTENT,SRCREF-0000562
PAY-0000563,CRT-00088,1555.1,2026-06-26,SYNBANK-989381,MONTH_END,PAID,CREATOR_CONTENT,SRCREF-0000563
PAY-0000564,CRT-00071,769.68,2026-05-28,SYNBANK-802717,MONTH_END,PAID,LIVE_HOST,SRCREF-0000564
PAY-0000565,CRT-00051,1071.99,2026-04-22,SYNBANK-576161,DAY_16,PAID,CREATOR_CONTENT,SRCREF-0000565
PAY-0000566,CRT-00083,3361.42,2026-06-17,SYNBANK-934936,DAY_16,PAID,CREATOR_CONTENT,SRCREF-0000566
PAY-0000567,CRT-00045,908.77,2026-04-12,SYNBANK-509164,MONTH_END,PENDING,LIVE_HOST,SRCREF-0000567
PAY-0000568,CRT-00085,2157.96,2026-06-22,SYNBANK-963486,MONTH_END,PAID,LIVE_HOST,SRCREF-0000568
PAY-0000569,CRT-00044,4380.73,2026-04-09,SYNBANK-490022,MONTH_END,PAID,CREATOR_CONTENT,SRCREF-0000569
PAY-0000570,CRT-00017,0.0,2026-02-20,SYNBANK-183855,DAY_16,PAID,CREATOR_CONTENT,SRCREF-0000570
PAY-0000571,CRT-00019,0.0,2026-02-25,SYNBANK-212309,DAY_16,PAID,CREATOR_CONTENT,SRCREF-0000571
PAY-0000572,CRT-00023,0.0,2026-03-03,SYNBANK-254416,DAY_16,PAID,CREATOR_CONTENT,SRCREF-0000572
PAY-0000573,CRT-00080,3380.91,2026-06-13,SYNBANK-904287,MONTH_END,PENDING,LIVE_HOST,SRCREF-0000573
PAY-0000574,CRT-00041,2360.7,2026-04-04,SYNBANK-458454,MONTH_END,PENDING,LIVE_HOST,SRCREF-0000574
PAY-0000575,CRT-00041,682.0,2026-04-04,SYNBANK-460210,DAY_16,PAID,CREATOR_CONTENT,SRCREF-0000575
PAY-0000576,CRT-00001,1045.57,2026-01-23,SYNBANK-003354,MONTH_END,PAID,LIVE_HOST,SRCREF-0000576
PAY-0000577,CRT-00077,0.0,2026-06-08,SYNBANK-872808,DAY_16,PAID,CREATOR_CONTENT,SRCREF-0000577
PAY-0000578,CRT-00049,822.04,2026-04-18,SYNBANK-551256,MONTH_END,PAID,CREATOR_CONTENT,SRCREF-0000578
PAY-0000579,CRT-00040,0.0,2026-04-03,SYNBANK-451991,DAY_16,PAID,CREATOR_CONTENT,SRCREF-0000579
PAY-0000580,CRT-00023,0.0,2026-03-03,SYNBANK-256074,DAY_16,PAID,CREATOR_CONTENT,SRCREF-0000580
PAY-0000581,CRT-00021,0.0,2026-02-28,SYNBANK-231790,DAY_16,PAID,CREATOR_CONTENT,SRCREF-0000581
PAY-0000582,CRT-00045,934.27,2026-04-11,SYNBANK-504887,MONTH_END,PENDING,LIVE_HOST,SRCREF-0000582
PAY-0000583,CRT-00039,1270.17,2026-04-01,SYNBANK-436781,MONTH_END,PAID,LIVE_HOST,SRCREF-0000583
PAY-0000584,CRT-00086,0.0,2026-06-23,SYNBANK-973620,DAY_16,PAID,CREATOR_CONTENT,SRCREF-0000584
PAY-0000585,CRT-00076,0.0,2026-06-06,SYNBANK-859517,DAY_16,PAID,CREATOR_CONTENT,SRCREF-0000585
PAY-0000586,CRT-00070,728.71,2026-05-25,SYNBANK-788092,MONTH_END,PAID,LIVE_HOST,SRCREF-0000586
PAY-0000587,CRT-00072,976.14,2026-05-29,SYNBANK-812103,DAY_16,PAID,CREATOR_CONTENT,SRCREF-0000587
PAY-0000588,CRT-00045,883.95,2026-04-12,SYNBANK-509692,MONTH_END,PAID,CREATOR_CONTENT,SRCREF-0000588
PAY-0000589,CRT-00009,7224.07,2026-02-07,SYNBANK-100100,DAY_16,PAID,CREATOR_CONTENT,SRCREF-0000589
PAY-0000590,CRT-00074,5441.78,2026-06-01,SYNBANK-831414,DAY_16,PAID,CREATOR_CONTENT,SRCREF-0000590
PAY-0000591,CRT-00017,0.0,2026-02-20,SYNBANK-181923,DAY_16,PAID,CREATOR_CONTENT,SRCREF-0000591
PAY-0000592,CRT-00006,0.0,2026-02-01,SYNBANK-062043,DAY_16,PAID,CREATOR_CONTENT,SRCREF-0000592
PAY-0000593,CRT-00048,2097.19,2026-04-17,SYNBANK-540656,DAY_16,PAID,CREATOR_CONTENT,SRCREF-0000593
PAY-0000594,CRT-00043,2372.9,2026-04-08,SYNBANK-486445,DAY_16,PAID,CREATOR_CONTENT,SRCREF-0000594
PAY-0000595,CRT-00072,1299.48,2026-05-30,SYNBANK-817328,DAY_16,PAID,CREATOR_CONTENT,SRCREF-0000595
PAY-0000596,CRT-00018,1320.65,2026-02-22,SYNBANK-198291,MONTH_END,PENDING,LIVE_HOST,SRCREF-0000596
PAY-0000597,CRT-00041,1794.65,2026-04-04,SYNBANK-459922,MONTH_END,PAID,CREATOR_CONTENT,SRCREF-0000597
PAY-0000598,CRT-00030,2469.86,2026-03-16,SYNBANK-338786,MONTH_END,PAID,LIVE_HOST,SRCREF-0000598
PAY-0000599,CRT-00020,1487.82,2026-02-26,SYNBANK-223829,MONTH_END,PENDING,LIVE_HOST,SRCREF-0000599
PAY-0000600,CRT-00037,3115.88,2026-03-28,SYNBANK-413482,MONTH_END,REVIEW,OTHER_SERVICE,SRCREF-0000600
PAY-0000601,CRT-00065,6474.92,2026-05-17,SYNBANK-731980,MONTH_END,PENDING,LIVE_HOST,SRCREF-0000601
PAY-0000602,CRT-00014,0.0,2026-02-15,SYNBANK-152225,DAY_16,PAID,CREATOR_CONTENT,SRCREF-0000602
PAY-0000603,CRT-00063,1029.87,2026-05-14,SYNBANK-713888,MONTH_END,PAID,CREATOR_CONTENT,SRCREF-0000603
PAY-0000604,CRT-00080,1376.69,2026-06-13,SYNBANK-907550,MONTH_END,PAID,CREATOR_CONTENT,SRCREF-0000604
PAY-0000605,CRT-00032,1793.8,2026-03-20,SYNBANK-361454,MONTH_END,PAID,CREATOR_CONTENT,SRCREF-0000605
PAY-0000606,CRT-00054,845.42,2026-04-28,SYNBANK-612030,MONTH_END,PAID,LIVE_HOST,SRCREF-0000606
PAY-0000607,CRT-00057,1846.4,2026-05-03,SYNBANK-641827,MONTH_END,PENDING,LIVE_HOST,SRCREF-0000607
PAY-0000608,CRT-00052,0.0,2026-04-24,SYNBANK-586243,DAY_16,PAID,CREATOR_CONTENT,SRCREF-0000608
PAY-0000609,CRT-00017,0.0,2026-02-21,SYNBANK-187123,DAY_16,PAID,CREATOR_CONTENT,SRCREF-0000609
PAY-0000610,CRT-00049,1460.45,2026-04-19,SYNBANK-554546,MONTH_END,REVIEW,OTHER_SERVICE,SRCREF-0000610
PAY-0000611,CRT-00087,0.0,2026-06-25,SYNBANK-981674,DAY_16,PAID,CREATOR_CONTENT,SRCREF-0000611
PAY-0000612,CRT-00003,1025.43,2026-01-27,SYNBANK-027920,MONTH_END,PAID,CREATOR_CONTENT,SRCREF-0000612
PAY-0000613,CRT-00031,3871.96,2026-03-17,SYNBANK-342224,MONTH_END,PENDING,LIVE_HOST,SRCREF-0000613
PAY-0000614,CRT-00062,3858.69,2026-05-11,SYNBANK-697031,MONTH_END,PENDING,OTHER_SERVICE,SRCREF-0000614
PAY-0000615,CRT-00038,0.0,2026-03-30,SYNBANK-427099,DAY_16,PAID,CREATOR_CONTENT,SRCREF-0000615
PAY-0000616,CRT-00069,0.0,2026-05-25,SYNBANK-783183,DAY_16,PAID,CREATOR_CONTENT,SRCREF-0000616
PAY-0000617,CRT-00008,0.0,2026-02-04,SYNBANK-083083,DAY_16,PAID,CREATOR_CONTENT,SRCREF-0000617
PAY-0000618,CRT-00066,0.0,2026-05-19,SYNBANK-748249,DAY_16,PAID,CREATOR_CONTENT,SRCREF-0000618
PAY-0000619,CRT-00027,682.0,2026-03-11,SYNBANK-301463,DAY_16,PAID,CREATOR_CONTENT,SRCREF-0000619
PAY-0000620,CRT-00067,0.0,2026-05-21,SYNBANK-758691,DAY_16,PAID,CREATOR_CONTENT,SRCREF-0000620
PAY-0000621,CRT-00077,1072.84,2026-06-07,SYNBANK-871319,MONTH_END,REVIEW,OTHER_SERVICE,SRCREF-0000621
PAY-0000622,CRT-00084,1120.91,2026-06-20,SYNBANK-951856,DAY_16,PAID,CREATOR_CONTENT,SRCREF-0000622
PAY-0000623,CRT-00012,1496.66,2026-02-12,SYNBANK-133952,MONTH_END,PENDING,OTHER_SERVICE,SRCREF-0000623
PAY-0000624,CRT-00060,2437.65,2026-05-08,SYNBANK-677604,MONTH_END,PENDING,LIVE_HOST,SRCREF-0000624
PAY-0000625,CRT-00054,1733.02,2026-04-27,SYNBANK-604414,MONTH_END,PAID,LIVE_HOST,SRCREF-0000625
PAY-0000626,CRT-00084,945.2,2026-06-19,SYNBANK-948571,MONTH_END,PAID,LIVE_HOST,SRCREF-0000626
PAY-0000627,CRT-00086,2123.07,2026-06-24,SYNBANK-974690,MONTH_END,PENDING,LIVE_HOST,SRCREF-0000627
PAY-0000628,CRT-00036,1869.33,2026-03-27,SYNBANK-404092,MONTH_END,PENDING,OTHER_SERVICE,SRCREF-0000628
PAY-0000629,CRT-00067,0.0,2026-05-20,SYNBANK-752452,DAY_16,PAID,CREATOR_CONTENT,SRCREF-0000629
PAY-0000630,CRT-00018,0.0,2026-02-22,SYNBANK-198024,DAY_16,PAID,CREATOR_CONTENT,SRCREF-0000630
PAY-0000631,CRT-00029,1095.35,2026-03-13,SYNBANK-319750,DAY_16,PAID,CREATOR_CONTENT,SRCREF-0000631
PAY-0000632,CRT-00043,1633.57,2026-04-07,SYNBANK-477976,MONTH_END,PAID,CREATOR_CONTENT,SRCREF-0000632
PAY-0000633,CRT-00068,0.0,2026-05-23,SYNBANK-771873,DAY_16,PAID,CREATOR_CONTENT,SRCREF-0000633
PAY-0000634,CRT-00007,1647.41,2026-02-04,SYNBANK-078621,MONTH_END,PENDING,OTHER_SERVICE,SRCREF-0000634
PAY-0000635,CRT-00080,0.0,2026-06-13,SYNBANK-908075,DAY_16,PAID,CREATOR_CONTENT,SRCREF-0000635
PAY-0000636,CRT-00025,3302.45,2026-03-07,SYNBANK-278495,MONTH_END,PENDING,LIVE_HOST,SRCREF-0000636
PAY-0000637,CRT-00043,1462.46,2026-04-08,SYNBANK-482626,DAY_16,PAID,CREATOR_CONTENT,SRCREF-0000637
PAY-0000638,CRT-00038,0.0,2026-03-31,SYNBANK-431065,DAY_16,PAID,CREATOR_CONTENT,SRCREF-0000638
PAY-0000639,CRT-00044,889.86,2026-04-10,SYNBANK-497239,DAY_16,PAID,CREATOR_CONTENT,SRCREF-0000639
PAY-0000640,CRT-00015,2553.68,2026-02-17,SYNBANK-166278,MONTH_END,PAID,CREATOR_CONTENT,SRCREF-0000640
PAY-0000641,CRT-00043,1822.24,2026-04-08,SYNBANK-480864,MONTH_END,PENDING,LIVE_HOST,SRCREF-0000641
PAY-0000642,CRT-00027,0.0,2026-03-11,SYNBANK-303038,DAY_16,PAID,CREATOR_CONTENT,SRCREF-0000642
PAY-0000643,CRT-00059,935.07,2026-05-07,SYNBANK-668903,MONTH_END,PAID,CREATOR_CONTENT,SRCREF-0000643
PAY-0000644,CRT-00006,0.0,2026-02-01,SYNBANK-060561,DAY_16,PAID,CREATOR_CONTENT,SRCREF-0000644
PAY-0000645,CRT-00050,1499.96,2026-04-21,SYNBANK-566798,MONTH_END,PENDING,LIVE_HOST,SRCREF-0000645
PAY-0000646,CRT-00029,0.0,2026-03-14,SYNBANK-323905,DAY_16,PAID,CREATOR_CONTENT,SRCREF-0000646
PAY-0000647,CRT-00021,0.0,2026-02-27,SYNBANK-230579,DAY_16,PAID,CREATOR_CONTENT,SRCREF-0000647
PAY-0000648,CRT-00023,682.0,2026-03-03,SYNBANK-253909,MONTH_END,PAID,LIVE_HOST,SRCREF-0000648
PAY-0000649,CRT-00058,2308.56,2026-05-04,SYNBANK-652778,MONTH_END,PENDING,OTHER_SERVICE,SRCREF-0000649
PAY-0000650,CRT-00047,1557.58,2026-04-15,SYNBANK-529000,DAY_16,PAID,CREATOR_CONTENT,SRCREF-0000650
PAY-0000651,CRT-00079,0.0,2026-06-11,SYNBANK-896279,DAY_16,PAID,CREATOR_CONTENT,SRCREF-0000651
PAY-0000652,CRT-00003,2079.96,2026-01-28,SYNBANK-033493,DAY_16,PAID,CREATOR_CONTENT,SRCREF-0000652
PAY-0000653,CRT-00060,3826.25,2026-05-09,SYNBANK-681210,MONTH_END,PAID,LIVE_HOST,SRCREF-0000653
PAY-0000654,CRT-00077,0.0,2026-06-08,SYNBANK-872590,DAY_16,PAID,CREATOR_CONTENT,SRCREF-0000654
PAY-0000655,CRT-00032,1303.12,2026-03-19,SYNBANK-358682,MONTH_END,PENDING,LIVE_HOST,SRCREF-0000655
PAY-0000656,CRT-00052,0.0,2026-04-23,SYNBANK-580955,DAY_16,PAID,CREATOR_CONTENT,SRCREF-0000656
PAY-0000657,CRT-00073,0.0,2026-05-31,SYNBANK-826307,DAY_16,PAID,CREATOR_CONTENT,SRCREF-0000657
PAY-0000658,CRT-00032,1435.18,2026-03-20,SYNBANK-361649,MONTH_END,PAID,CREATOR_CONTENT,SRCREF-0000658
PAY-0000659,CRT-00068,1311.56,2026-05-22,SYNBANK-768034,DAY_16,PAID,CREATOR_CONTENT,SRCREF-0000659
PAY-0000660,CRT-00043,912.96,2026-04-09,SYNBANK-487497,MONTH_END,PAID,CREATOR_CONTENT,SRCREF-0000660
PAY-0000661,CRT-00044,0.0,2026-04-09,SYNBANK-492080,DAY_16,PAID,CREATOR_CONTENT,SRCREF-0000661
PAY-0000662,CRT-00011,0.0,2026-02-09,SYNBANK-114355,DAY_16,PAID,CREATOR_CONTENT,SRCREF-0000662
PAY-0000663,CRT-00058,0.0,2026-05-04,SYNBANK-648556,DAY_16,PAID,CREATOR_CONTENT,SRCREF-0000663
PAY-0000664,CRT-00028,4052.81,2026-03-13,SYNBANK-318144,MONTH_END,PAID,LIVE_HOST,SRCREF-0000664
PAY-0000665,CRT-00007,2054.74,2026-02-02,SYNBANK-068555,MONTH_END,PAID,LIVE_HOST,SRCREF-0000665
PAY-0000666,CRT-00052,0.0,2026-04-24,SYNBANK-583476,DAY_16,PAID,CREATOR_CONTENT,SRCREF-0000666
PAY-0000667,CRT-00043,2351.18,2026-04-08,SYNBANK-483885,DAY_16,PAID,CREATOR_CONTENT,SRCREF-0000667
PAY-0000668,CRT-00020,0.0,2026-02-25,SYNBANK-217339,DAY_16,PAID,CREATOR_CONTENT,SRCREF-0000668
PAY-0000669,CRT-00007,1948.28,2026-02-03,SYNBANK-073411,MONTH_END,PAID,LIVE_HOST,SRCREF-0000669
PAY-0000670,CRT-00073,0.0,2026-05-30,SYNBANK-819754,DAY_16,PAID,CREATOR_CONTENT,SRCREF-0000670
PAY-0000671,CRT-00079,1177.83,2026-06-10,SYNBANK-889848,MONTH_END,PAID,CREATOR_CONTENT,SRCREF-0000671
PAY-0000672,CRT-00083,2024.98,2026-06-18,SYNBANK-941090,MONTH_END,PAID,CREATOR_CONTENT,SRCREF-0000672
PAY-0000673,CRT-00077,1238.57,2026-06-06,SYNBANK-864335,MONTH_END,PENDING,LIVE_HOST,SRCREF-0000673
PAY-0000674,CRT-00033,0.0,2026-03-21,SYNBANK-366219,DAY_16,PAID,CREATOR_CONTENT,SRCREF-0000674
PAY-0000675,CRT-00049,7445.42,2026-04-19,SYNBANK-556410,MONTH_END,PENDING,OTHER_SERVICE,SRCREF-0000675
PAY-0000676,CRT-00018,0.0,2026-02-23,SYNBANK-199758,DAY_16,PAID,CREATOR_CONTENT,SRCREF-0000676
PAY-0000677,CRT-00063,0.0,2026-05-14,SYNBANK-715905,DAY_16,PAID,CREATOR_CONTENT,SRCREF-0000677
PAY-0000678,CRT-00046,0.0,2026-04-13,SYNBANK-515246,DAY_16,PAID,CREATOR_CONTENT,SRCREF-0000678
PAY-0000679,CRT-00001,823.99,2026-01-23,SYNBANK-003494,MONTH_END,PENDING,LIVE_HOST,SRCREF-0000679
PAY-0000680,CRT-00001,0.0,2026-01-24,SYNBANK-010183,DAY_16,PAID,CREATOR_CONTENT,SRCREF-0000680
PAY-0000681,CRT-00039,0.0,2026-03-31,SYNBANK-432992,DAY_16,PAID,CREATOR_CONTENT,SRCREF-0000681
PAY-0000682,CRT-00030,0.0,2026-03-16,SYNBANK-336674,DAY_16,PAID,CREATOR_CONTENT,SRCREF-0000682
PAY-0000683,CRT-00017,2370.48,2026-02-21,SYNBANK-189343,MONTH_END,REVIEW,OTHER_SERVICE,SRCREF-0000683
PAY-0000684,CRT-00011,700.68,2026-02-10,SYNBANK-115760,MONTH_END,PENDING,LIVE_HOST,SRCREF-0000684
PAY-0000685,CRT-00045,1146.25,2026-04-12,SYNBANK-508690,MONTH_END,PAID,CREATOR_CONTENT,SRCREF-0000685
